year,player,player_key,tempo_seconds_empty,pitches_empty,injury,source_records,in_velocity_merge,player_id,primary_velocity_mph
2022,Brent Suter,brent suter,12.626,494,0,1,1,608718,86.4
2022,Sam Long,sam long,12.758,342,0,1,0,,
2022,Jesse Chavez,jesse chavez,13.685,584,0,1,1,445926,91.5
2022,Cole Irvin,cole irvin,14.068,1144,1,1,1,608344,90.7
2022,John Brebbia,john brebbia,14.175,470,0,1,1,605154,94.4
2022,Steven Matz,steven matz,14.39,390,1,1,1,571927,94.5
2022,Keegan Akin,keegan akin,14.405,514,0,1,1,669211,93.5
2022,Aaron Ashby,aaron ashby,14.5,903,1,1,1,676879,95.5
2022,Logan Webb,logan webb,14.504,1423,1,1,1,657277,92.3
2022,Shane Bieber,shane bieber,14.55,1260,0,1,1,669456,91.3
2022,Reiver Sanmartin,reiver sanmartin,14.563,495,0,1,1,665665,90.9
2022,Jakob Junis,jakob junis,14.61,868,0,1,1,596001,91.9
2022,Brady Singer,brady singer,14.614,1161,0,1,1,663903,93.1
2022,Germán Márquez,germán márquez,14.622,1203,0,1,1,608566,95.6
2022,Nick Sandlin,nick sandlin,14.655,350,0,1,0,,
2022,Bryce Elder,bryce elder,14.772,400,0,1,1,693821,90.5
2022,Rony García,rony garcía,14.793,427,0,1,1,665621,92.9
2022,Cal Quantrill,cal quantrill,14.835,1304,1,1,1,615698,93.9
2022,David Peterson,david peterson,14.84,885,0,1,1,656849,93.7
2022,Miles Mikolas,miles mikolas,14.902,1449,0,1,1,571945,93.5
2022,Spenser Watkins,spenser watkins,14.975,738,0,1,1,657093,91.4
2022,Mitch Keller,mitch keller,14.981,1236,0,1,1,656605,95.6
2022,Nestor Cortes,nestor cortes,14.99,1091,1,1,1,641482,91.8
2022,Taijuan Walker,taijuan walker,15.073,1133,1,1,1,592836,93.7
2022,Alex Wood,alex wood,15.097,1028,0,1,1,622072,91.9
2022,Austin Gomber,austin gomber,15.109,899,0,1,1,596295,91.0
2022,Logan Gilbert,logan gilbert,15.153,1329,0,1,1,669302,96.1
2022,Nabil Crismatt,nabil crismatt,15.226,466,0,1,1,622503,90.5
2022,Marco Gonzales,marco gonzales,15.235,1273,0,1,1,594835,88.5
2022,Mike Minor,mike minor,15.276,822,1,1,1,501985,90.4
2022,Andrew Heaney,andrew heaney,15.303,540,1,1,1,571760,93.0
2022,Rich Hill,rich hill,15.306,947,1,1,1,448179,88.5
2022,Joan Adon,joan adon,15.315,552,0,1,1,672851,95.0
2022,Luis Castillo,luis castillo,15.325,1130,1,1,1,622491,97.1
2022,Brad Keller,brad keller,15.359,976,0,1,1,641745,94.5
2022,José Berríos,josé berríos,15.365,1232,0,1,1,621244,94.0
2022,Eric Lauer,eric lauer,15.388,1241,1,1,1,641778,93.3
2022,Tucker Davidson,tucker davidson,15.405,427,0,1,1,656353,93.1
2022,Daniel Lynch IV,daniel lynch iv,15.413,1060,0,1,1,663738,94.0
2022,Zach Plesac,zach plesac,15.414,912,0,1,1,668676,91.9
2022,Antonio Senzatela,antonio senzatela,15.435,719,1,1,1,622608,94.3
2022,Eduardo Rodriguez,eduardo rodriguez,15.436,679,0,1,1,593958,91.7
2022,Sandy Alcantara,sandy alcantara,15.462,1313,0,1,1,645261,98.0
2022,Drew Smyly,drew smyly,15.477,721,1,1,1,592767,92.3
2022,Jordan Lyles,jordan lyles,15.517,1362,0,1,1,543475,91.8
2022,Hoby Milner,hoby milner,15.528,563,0,1,1,571948,89.1
2022,Sean Manaea,sean manaea,15.532,1079,0,1,1,640455,91.4
2022,Johnny Cueto,johnny cueto,15.651,1086,0,1,1,456501,91.4
2022,Michael Wacha,michael wacha,15.658,853,0,1,1,608379,93.1
2022,Andrew Wantz,andrew wantz,15.666,376,0,1,1,681806,93.8
2022,Alex Faedo,alex faedo,15.668,437,1,1,1,656412,92.7
2022,Konnor Pilkington,konnor pilkington,15.686,481,0,1,1,663455,92.1
2022,JT Brubaker,jt brubaker,15.733,1069,0,1,1,664141,92.7
2022,Adrian Houser,adrian houser,15.754,887,1,1,1,605288,94.3
2022,Eli Morgan,eli morgan,15.78,427,0,1,1,669212,92.1
2022,Tarik Skubal,tarik skubal,15.79,843,1,1,1,669373,94.1
2022,Dylan Bundy,dylan bundy,15.853,897,0,1,1,605164,89.0
2022,Roansy Contreras,roansy contreras,15.878,701,0,1,1,672710,95.6
2022,Triston McKenzie,triston mckenzie,15.947,1159,0,1,1,663474,92.5
2022,Kyle Wright,kyle wright,15.974,1232,0,1,1,657140,95.2
2022,Clayton Kershaw,clayton kershaw,15.982,788,1,1,1,477132,90.7
2022,Walker Buehler,walker buehler,15.994,449,0,1,1,621111,95.2
2022,Domingo Germán,domingo germán,16.007,484,0,1,1,593334,92.7
2022,Bailey Ober,bailey ober,16.026,366,0,1,1,641927,91.5
2022,Patrick Corbin,patrick corbin,16.043,1184,0,1,1,571578,92.0
2022,Jaime Barria,jaime barria,16.047,494,0,1,1,642545,92.2
2022,Keegan Thompson,keegan thompson,16.074,875,0,1,1,624522,93.5
2022,Jason Alexander,jason alexander,16.076,580,0,1,1,669920,93.0
2022,Austin Pruitt,austin pruitt,16.083,354,0,1,0,,
2022,Chad Kuhl,chad kuhl,16.112,1123,1,1,1,641771,93.2
2022,Jesús Luzardo,jesús luzardo,16.116,747,0,1,1,666200,96.3
2022,Cory Abbott,cory abbott,16.119,358,0,1,1,676265,91.3
2022,Zach Davies,zach davies,16.15,1146,1,1,1,605200,89.7
2022,Ian Anderson,ian anderson,16.221,884,0,1,1,666120,94.0
2022,Reid Detmers,reid detmers,16.246,981,0,1,1,672282,93.2
2022,Garrett Whitlock,garrett whitlock,16.248,518,1,1,1,676477,95.6
2022,Brayan Bello,brayan bello,16.253,462,1,1,1,678394,97.0
2022,Luis Severino,luis severino,16.258,716,0,1,1,622663,96.3
2022,Josh Winckowski,josh winckowski,16.29,588,1,1,1,670174,93.6
2022,Collin McHugh,collin mchugh,16.319,478,0,1,1,543521,91.0
2022,Ryan Pepiot,ryan pepiot,16.351,377,1,1,0,,
2022,Michael Lorenzen,michael lorenzen,16.377,753,0,1,1,547179,94.7
2022,Ranger Suárez,ranger suárez,16.398,1216,0,1,1,624133,93.2
2022,Dakota Hudson,dakota hudson,16.414,1085,1,1,1,641712,91.3
2022,José Urquidy,josé urquidy,16.427,1114,0,1,1,664353,93.5
2022,Joe Ryan,joe ryan,16.439,1017,1,1,1,657746,92.0
2022,George Kirby,george kirby,16.457,876,0,1,1,669923,95.3
2022,Adam Oller,adam oller,16.488,583,0,1,1,670124,93.3
2022,Dane Dunning,dane dunning,16.512,1191,0,1,1,641540,88.7
2022,Johan Oviedo,johan oviedo,16.518,437,0,1,1,670912,96.0
2022,Marcus Stroman,marcus stroman,16.52,1028,0,1,1,573186,92.6
2022,Matt Manning,matt manning,16.539,436,1,1,1,666159,93.3
2022,José Ureña,josé ureña,16.557,732,0,1,1,570632,96.0
2022,Paolo Espino,paolo espino,16.562,928,0,1,1,502179,88.5
2022,Jhoulys Chacín,jhoulys chacín,16.582,358,0,1,0,,
2022,Tanner Banks,tanner banks,16.598,393,0,1,1,621383,92.9
2022,Lance McCullers Jr.,lance mccullers jr.,16.612,371,0,1,0,,
2022,Max Scherzer,max scherzer,16.612,922,0,1,1,453286,94.0
2022,Trevor Gott,trevor gott,16.62,373,1,1,0,,
2022,Zack Wheeler,zack wheeler,16.643,1025,1,1,1,554430,95.9
2022,Justin Steele,justin steele,16.647,922,1,1,1,657006,92.2
2022,Wandy Peralta,wandy peralta,16.651,329,0,1,1,593974,95.2
2022,Michael Fulmer,michael fulmer,16.658,497,0,1,1,605242,94.2
2022,Raisel Iglesias,raisel iglesias,16.663,415,0,1,1,628452,95.0
2022,David Phelps,david phelps,16.666,571,0,1,1,475479,93.2
2022,John King,john king,16.698,335,0,1,0,,
2022,Braxton Garrett,braxton garrett,16.7,639,1,1,1,666129,91.5
2022,Jonathan Heasley,jonathan heasley,16.735,828,1,1,1,669169,93.3
2022,Wil Crowe,wil crowe,16.75,630,1,1,1,640444,95.1
2022,Josh Winder,josh winder,16.781,496,1,1,1,680739,94.0
2022,Adam Wainwright,adam wainwright,16.797,1537,0,1,1,425794,88.0
2022,Devin Smeltzer,devin smeltzer,16.814,537,0,1,1,656970,89.4
2022,Alex Cobb,alex cobb,16.85,1131,1,1,1,502171,95.4
2022,Jackson Stephens,jackson stephens,16.858,417,0,1,1,623451,94.1
2022,Amir Garrett,amir garrett,16.864,363,1,1,0,,
2022,Spencer Strider,spencer strider,16.891,994,1,1,1,675911,98.2
2022,Joe Musgrove,joe musgrove,16.906,1320,0,1,1,605397,92.9
2022,Zach Eflin,zach eflin,16.907,541,0,1,1,621107,93.1
2022,Zac Gallen,zac gallen,16.914,1300,0,1,1,668678,94.1
2022,Tyler Duffey,tyler duffey,16.946,347,0,1,0,,
2022,Corey Kluber,corey kluber,16.956,1072,0,1,1,446372,88.9
2022,Jhoan Duran,jhoan duran,16.966,381,0,1,1,661395,100.8
2022,Kutter Crawford,kutter crawford,16.967,579,1,1,1,676710,94.6
2022,Merrill Kelly,merrill kelly,16.974,1363,0,1,1,518876,92.6
2022,Joel Kuhnel,joel kuhnel,16.975,412,0,1,1,669270,96.2
2022,Seth Lugo,seth lugo,16.988,526,0,1,1,607625,94.4
2022,Kyle Hendricks,kyle hendricks,16.989,642,1,1,1,543294,86.9
2022,Steve Cishek,steve cishek,16.996,597,0,1,1,518553,89.3
2022,Nick Pivetta,nick pivetta,17.008,1353,0,1,1,601713,93.4
2022,Tyler Mahle,tyler mahle,17.03,1018,1,1,1,641816,93.2
2022,Tyler Rogers,tyler rogers,17.04,596,0,1,1,643511,83.3
2022,Jacob deGrom,jacob degrom,17.073,380,0,1,1,594798,98.9
2022,Elieser Hernández,elieser hernández,17.086,478,0,1,1,622694,91.6
2022,Nick Lodolo,nick lodolo,17.087,793,1,1,1,666157,94.4
2022,Austin Davis,austin davis,17.102,526,0,1,1,656354,94.1
2022,Hunter Greene,hunter greene,17.112,940,1,1,1,668881,98.9
2022,Tim Hill,tim hill,17.121,365,1,1,0,,
2022,Jameson Taillon,jameson taillon,17.123,1273,0,1,1,592791,94.1
2022,Dallas Keuchel,dallas keuchel,17.131,542,0,1,1,572971,88.0
2022,Ross Stripling,ross stripling,17.136,891,1,1,1,548389,91.9
2022,Bryse Wilson,bryse wilson,17.147,855,0,1,1,669060,92.7
2022,Tyler Danish,tyler danish,17.169,336,1,1,0,,
2022,Trevor Williams,trevor williams,17.173,641,0,1,1,592866,91.2
2022,Shane McClanahan,shane mcclanahan,17.182,1102,0,1,1,663556,96.7
2022,Aníbal Sánchez,aníbal sánchez,17.19,562,0,1,1,434671,89.8
2022,Kyle Freeland,kyle freeland,17.201,1285,0,1,1,607536,90.3
2022,Dean Kremer,dean kremer,17.223,837,0,1,1,665152,93.5
2022,Jose Cuas,jose cuas,17.23,326,0,1,0,,
2022,Mychal Givens,mychal givens,17.249,487,1,1,1,571710,93.4
2022,Trevor Rogers,trevor rogers,17.255,843,1,1,1,669432,94.6
2022,Matt Brash,matt brash,17.268,450,0,1,1,666374,96.9
2022,Clarke Schmidt,clarke schmidt,17.285,420,0,1,1,657376,94.7
2022,Erick Fedde,erick fedde,17.294,1234,1,1,1,607200,89.6
2022,Ryan Feltner,ryan feltner,17.299,776,1,1,1,663372,94.5
2022,Dillon Tate,dillon tate,17.318,477,0,1,1,622253,94.0
2022,Charlie Morton,charlie morton,17.319,1357,0,1,1,450203,94.9
2022,David Robertson,david robertson,17.371,493,0,1,1,502085,93.0
2022,Edward Cabrera,edward cabrera,17.392,585,1,1,1,665795,96.0
2022,Edwin Díaz,edwin díaz,17.393,373,0,1,1,621242,99.1
2022,Brad Boxberger,brad boxberger,17.407,523,0,1,1,502202,92.7
2022,Mike Mayers,mike mayers,17.417,398,0,1,1,594577,93.5
2022,Tyler Anderson,tyler anderson,17.418,1071,0,1,1,542881,90.7
2022,Madison Bumgarner,madison bumgarner,17.441,1227,0,1,1,518516,91.2
2022,Aaron Civale,aaron civale,17.45,737,1,1,1,650644,90.8
2022,Chris Flexen,chris flexen,17.467,944,0,1,1,623167,91.7
2022,Joe Jiménez,joe jiménez,17.494,379,0,1,1,641729,95.7
2022,Tim Mayza,tim mayza,17.525,345,0,1,0,,
2022,Carlos Estévez,carlos estévez,17.559,448,0,1,1,608032,97.5
2022,Garrett Hill,garrett hill,17.588,467,0,1,1,682051,92.0
2022,Trevor Richards,trevor richards,17.595,543,0,1,1,670950,93.4
2022,Gerrit Cole,gerrit cole,17.599,1477,0,1,1,543037,97.8
2022,Michael Rucker,michael rucker,17.605,411,0,1,1,621074,94.7
2022,Jose Quintana,jose quintana,17.632,1234,0,1,1,500779,91.2
2022,Freddy Peralta,freddy peralta,17.632,660,0,1,1,642547,92.6
2022,Drew Hutchison,drew hutchison,17.643,764,0,1,1,571800,92.4
2022,Kris Bubic,kris bubic,17.647,1040,0,1,1,663460,91.9
2022,Zach Logue,zach logue,17.652,477,0,1,1,656657,90.1
2022,Zack Greinke,zack greinke,17.661,1056,1,1,1,425844,89.2
2022,Sonny Gray,sonny gray,17.667,884,0,1,1,543243,92.1
2022,Carlos Carrasco,carlos carrasco,17.695,1024,1,1,1,471911,93.2
2022,Nick Martinez,nick martinez,17.727,761,0,1,1,607259,93.4
2022,Humberto Castellanos,humberto castellanos,17.749,357,0,1,0,,
2022,Framber Valdez,framber valdez,17.758,1356,0,1,1,664285,94.1
2022,Nathan Eovaldi,nathan eovaldi,17.767,742,0,1,1,543135,95.7
2022,Aaron Sanchez,aaron sanchez,17.81,460,0,1,1,592717,92.4
2022,Brandon Hughes,brandon hughes,17.81,401,0,1,1,676714,93.2
2022,Mark Leiter Jr.,mark leiter jr.,17.845,503,0,1,1,643410,91.1
2022,Adam Cimber,adam cimber,17.875,469,0,1,1,643256,86.5
2022,Albert Abreu,albert abreu,17.937,325,1,1,0,,
2022,Alex Lange,alex lange,17.939,457,0,1,1,656638,95.5
2022,Chris Bassitt,chris bassitt,17.943,1377,1,1,1,605135,93.2
2022,Max Fried,max fried,18.031,1265,1,1,1,608331,94.0
2022,Jake Bird,jake bird,18.046,371,0,1,0,,
2022,Adrian Sampson,adrian sampson,18.08,776,1,1,1,592716,92.5
2022,Bruce Zimmermann,bruce zimmermann,18.105,493,0,1,1,669145,90.6
2022,James Kaprielian,james kaprielian,18.114,1016,1,1,1,621076,94.0
2022,Jimmy Herget,jimmy herget,18.136,483,1,1,1,623474,91.5
2022,Drew Smith,drew smith,18.149,354,0,1,0,,
2022,Caleb Smith,caleb smith,18.152,550,0,1,1,592761,91.9
2022,Martín Pérez,martín pérez,18.191,1408,0,1,1,527048,92.9
2022,Bryan Shaw,bryan shaw,18.194,439,0,1,1,543766,94.0
2022,Kirby Snead,kirby snead,18.23,370,0,1,0,,
2022,Robert Suarez,robert suarez,18.23,354,0,1,0,,
2022,Sam Hentges,sam hentges,18.246,403,1,1,1,656529,95.9
2022,Rowan Wick,rowan wick,18.249,484,0,1,1,592858,94.9
2022,Tyler Alexander,tyler alexander,18.269,700,1,1,1,641302,90.0
2022,Brooks Raley,brooks raley,18.325,403,0,1,1,548384,90.3
2022,Joel Payamps,joel payamps,18.353,434,0,1,1,606303,94.8
2022,Ryan Yarbrough,ryan yarbrough,18.361,593,1,1,1,642232,86.7
2022,Kyle Bradish,kyle bradish,18.363,911,1,1,1,680694,94.6
2022,Lucas Gilbreath,lucas gilbreath,18.367,384,1,1,0,,
2022,Tony Gonsolin,tony gonsolin,18.395,867,1,1,1,664062,93.1
2022,Wily Peralta,wily peralta,18.402,333,0,1,0,,
2022,Steven Okert,steven okert,18.405,456,0,1,1,595345,93.7
2022,Graham Ashcraft,graham ashcraft,18.415,774,0,1,1,668933,98.1
2022,Dylan Cease,dylan cease,18.427,1371,0,1,1,656302,96.8
2022,Joely Rodríguez,joely rodríguez,18.442,409,0,1,1,570257,92.8
2022,Robbie Ray,robbie ray,18.49,1275,0,1,1,592662,93.4
2022,Beau Brieske,beau brieske,18.538,541,1,1,1,689225,94.3
2022,Jon Gray,jon gray,18.548,907,0,1,1,592351,95.9
2022,Daniel Norris,daniel norris,18.557,488,0,1,1,596057,91.2
2022,Cristian Javier,cristian javier,18.599,1131,0,1,1,664299,93.8
2022,Aaron Loup,aaron loup,18.617,424,0,1,1,571901,91.9
2022,Frankie Montas,frankie montas,18.652,957,0,1,1,593423,96.1
2022,MacKenzie Gore,mackenzie gore,18.652,572,1,1,1,669022,94.7
2022,Brock Burke,brock burke,18.661,618,0,1,1,656271,95.1
2022,A.J. Puk,a.j. puk,18.683,472,0,1,1,640462,96.7
2022,Justin Lawrence,justin lawrence,18.685,379,0,1,0,,
2022,Jordan Hicks,jordan hicks,18.691,514,1,1,1,663855,99.0
2022,Carlos Hernández,carlos hernández,18.704,462,0,1,1,672578,96.8
2022,Jalen Beeks,jalen beeks,18.718,435,0,1,1,656222,95.0
2022,Tommy Henry,tommy henry,18.758,342,0,1,0,,
2022,Davis Martin,davis martin,18.79,442,0,1,1,663436,94.0
2022,Pablo López,pablo lópez,18.794,1286,0,1,1,641154,93.6
2022,Joe Mantiply,joe mantiply,18.811,366,0,1,1,573009,90.9
2022,Luis Cessa,luis cessa,18.884,571,0,1,1,570666,93.3
2022,Carlos Rodón,carlos rodón,18.922,1298,0,1,1,607074,95.5
2022,Dylan Coleman,dylan coleman,18.98,560,0,1,1,669395,97.6
2022,Will Vest,will vest,18.997,461,0,1,1,676684,95.1
2022,Mike Clevinger,mike clevinger,19.012,840,1,1,1,605182,93.6
2022,Blake Snell,blake snell,19.018,1025,0,1,1,605483,95.8
2022,Jimmy Lambert,jimmy lambert,19.042,344,0,1,1,669424,94.3
2022,Corey Knebel,corey knebel,19.056,365,0,1,0,,
2022,Gregory Soto,gregory soto,19.118,491,0,1,1,642397,98.7
2022,Taylor Hearn,taylor hearn,19.125,806,0,1,1,621368,94.8
2022,Patrick Sandoval,patrick sandoval,19.145,1100,0,1,1,663776,93.1
2022,Yunior Marte,yunior marte,19.145,379,0,1,1,628708,97.8
2022,Jake Odorizzi,jake odorizzi,19.158,794,1,1,1,543606,92.1
2022,Noah Syndergaard,noah syndergaard,19.173,876,0,1,1,592789,94.1
2022,Matt Bush,matt bush,19.177,417,1,1,1,456713,97.3
2022,Carl Edwards Jr.,carl edwards jr.,19.196,451,0,1,1,605218,94.6
2022,Lou Trivino,lou trivino,19.227,434,0,1,1,642152,95.6
2022,Andre Pallante,andre pallante,19.249,828,0,1,1,669467,95.2
2022,Mitch White,mitch white,19.332,745,1,1,1,669952,93.7
2022,Lance Lynn,lance lynn,19.336,883,0,1,1,458681,93.0
2022,Héctor Neris,héctor neris,19.348,427,0,1,1,593576,94.3
2022,Nick Nelson,nick nelson,19.391,509,0,1,1,656793,96.3
2022,Matt Festa,matt festa,19.408,396,1,1,1,670036,92.6
2022,Erik Swanson,erik swanson,19.436,361,0,1,1,657024,93.6
2022,Glenn Otto,glenn otto,19.452,994,1,1,0,,
2022,Andrés Machado,andrés machado,19.574,434,0,1,1,600921,95.6
2022,Jason Foley,jason foley,19.574,402,0,1,1,671345,96.2
2022,Jeffrey Springs,jeffrey springs,19.623,968,1,1,1,605488,91.4
2022,Ron Marinaccio,ron marinaccio,19.624,352,0,1,0,,
2022,Andrew Chafin,andrew chafin,19.662,377,0,1,1,605177,91.6
2022,Josiah Gray,josiah gray,19.673,1233,0,1,1,680686,94.4
2022,Drew Rasmussen,drew rasmussen,19.676,919,0,1,1,656876,95.5
2022,Tyler Wells,tyler wells,19.683,703,1,1,1,669330,93.5
2022,Dylan Floro,dylan floro,19.697,375,1,1,1,571670,92.4
2022,José Leclerc,josé leclerc,19.712,340,0,1,0,,
2022,Bailey Falter,bailey falter,19.716,572,1,1,1,663559,91.5
2022,Bryan Baker,bryan baker,19.717,558,0,1,1,641329,96.2
2022,Seranthony Domínguez,seranthony domínguez,19.717,371,0,1,1,622554,97.7
2022,Kendall Graveman,kendall graveman,19.722,468,0,1,1,608665,96.6
2022,Penn Murfee,penn murfee,19.745,448,0,1,1,682171,89.0
2022,Brandon Woodruff,brandon woodruff,19.756,1128,0,1,1,605540,96.3
2022,Jarlín García,jarlín garcía,19.766,445,0,1,1,606424,93.6
2022,Lucas Luetge,lucas luetge,19.796,449,0,1,1,476595,87.5
2022,Zach Thompson,zach thompson,19.819,982,1,1,1,605507,92.3
2022,Matt Moore,matt moore,19.883,500,0,1,1,519043,93.9
2022,Kyle Gibson,kyle gibson,19.888,1231,0,1,1,502043,92.0
2022,Yusei Kikuchi,yusei kikuchi,19.896,810,0,1,1,579328,94.9
2022,Julio Urías,julio urías,19.9,1109,0,1,1,628711,93.1
2022,Scott Effross,scott effross,19.903,387,1,1,1,664123,90.8
2022,Adrián Martínez,adrián martínez,19.913,454,0,1,0,,
2022,Joey Krehbiel,joey krehbiel,19.93,458,0,1,1,607216,94.4
2022,Tanner Scott,tanner scott,19.96,568,0,1,1,656945,96.9
2022,Ryan Brasier,ryan brasier,19.98,388,0,1,1,518489,95.9
2022,Rafael Montero,rafael montero,19.997,518,0,1,1,606160,96.4
2022,Griffin Jax,griffin jax,20.084,502,0,1,1,643377,95.4
2022,Buck Farmer,buck farmer,20.099,376,0,1,1,571656,94.6
2022,Hirokazu Sawamura,hirokazu sawamura,20.105,361,0,1,1,617228,95.9
2022,Diego Castillo,diego castillo,20.107,364,1,1,1,650895,95.7
2022,Aaron Nola,aaron nola,20.119,1328,0,1,1,605400,92.8
2022,Duane Underwood Jr.,duane underwood jr.,20.119,412,0,1,1,621249,95.9
2022,Will Smith,will smith,20.128,401,0,1,1,519293,92.1
2022,Justin Verlander,justin verlander,20.144,1044,1,1,1,434378,95.0
2022,Félix Bautista,félix bautista,20.165,416,0,1,1,642585,99.7
2022,Vince Velasquez,vince velasquez,20.185,579,0,1,1,592826,93.2
2022,Chris Archer,chris archer,20.227,872,0,1,1,502042,93.0
2022,Phil Maton,phil maton,20.247,500,0,1,1,664208,91.0
2022,Tanner Houck,tanner houck,20.299,419,0,1,1,656557,95.3
2022,Kevin Gausman,kevin gausman,20.331,1031,0,1,1,592332,95.0
2022,Matt Wisler,matt wisler,20.342,343,0,1,0,,
2022,Chris Stratton,chris stratton,20.353,482,0,1,1,608717,92.8
2022,Jordan Montgomery,jordan montgomery,20.368,1174,0,1,1,656756,93.0
2022,Anthony Bass,anthony bass,20.431,430,0,1,1,542914,95.0
2022,Trevor Stephan,trevor stephan,20.436,438,0,1,1,663986,96.5
2022,Yimi García,yimi garcía,20.446,493,0,1,1,554340,94.9
2022,Colin Poche,colin poche,20.468,406,0,1,1,621363,93.2
2022,Jordan Romano,jordan romano,20.521,416,0,1,1,605447,96.9
2022,David Bednar,david bednar,20.531,367,1,1,1,670280,96.4
2022,Mark Melancon,mark melancon,20.558,402,0,1,1,453343,91.7
2022,Zach Jackson,zach jackson,20.603,436,1,1,1,667427,94.4
2022,Jorge López,jorge lópez,20.608,510,0,1,1,605347,97.2
2022,Matt Strahm,matt strahm,20.62,340,0,1,0,,
2022,Caleb Thielbar,caleb thielbar,20.632,389,0,1,1,573204,92.8
2022,José Ruiz,josé ruiz,20.647,509,0,1,1,614179,96.9
2022,Evan Phillips,evan phillips,20.653,433,0,1,1,623465,96.0
2022,Tyler Beede,tyler beede,20.657,505,0,1,1,595881,95.8
2022,Lucas Giolito,lucas giolito,20.683,1227,0,1,1,608337,92.6
2022,Alek Manoah,alek manoah,20.7,1280,0,1,1,666201,93.9
2022,Tommy Nance,tommy nance,20.707,341,0,1,0,,
2022,John Schreiber,john schreiber,20.716,493,0,1,1,670167,94.4
2022,Enyel De Los Santos,enyel de los santos,20.774,348,0,1,1,660853,95.3
2022,Austin Voth,austin voth,20.778,795,0,1,1,608723,93.5
2022,Scott Barlow,scott barlow,20.846,550,0,1,1,605130,93.6
2022,Génesis Cabrera,génesis cabrera,20.862,326,0,1,0,,
2022,Chase De Jong,chase de jong,20.88,561,1,1,1,608328,92.8
2022,Paul Blackburn,paul blackburn,20.881,862,0,1,1,621112,91.5
2022,Yu Darvish,yu darvish,20.938,1305,0,1,1,506433,95.0
2022,Robert Stephenson,robert stephenson,20.987,364,0,1,1,596112,96.8
2022,Ian Kennedy,ian kennedy,21.031,376,0,1,1,453178,93.4
2022,Shawn Armstrong,shawn armstrong,21.066,427,0,1,1,542888,95.3
2022,Corbin Burnes,corbin burnes,21.088,1506,0,1,1,669203,96.4
2022,Jeff Hoffman,jeff hoffman,21.103,381,1,1,1,656546,94.3
2022,JP Sears,jp sears,21.133,517,0,1,1,676664,93.2
2022,Michael Kopech,michael kopech,21.135,942,0,1,1,656629,94.9
2022,Adam Ottavino,adam ottavino,21.139,514,0,1,1,493603,94.8
2022,Luis Garcia,luis garcia,21.173,1066,0,1,1,677651,94.0
2022,Bryan Abreu,bryan abreu,21.246,423,0,1,1,650556,97.2
2022,Tylor Megill,tylor megill,21.318,348,0,1,0,,
2022,Daniel Bard,daniel bard,21.406,436,0,1,1,453268,98.0
2022,Taylor Clarke,taylor clarke,21.416,333,1,1,1,664199,95.6
2022,Domingo Acevedo,domingo acevedo,21.468,396,0,1,1,642758,93.0
2022,Craig Stammen,craig stammen,21.484,326,0,1,0,,
2022,Michael King,michael king,21.497,374,0,1,0,,
2022,Paul Sewald,paul sewald,21.539,443,0,1,1,623149,92.5
2022,Andrés Muñoz,andrés muñoz,21.589,414,0,1,1,662253,100.2
2022,Phil Bickford,phil bickford,21.682,437,1,1,1,641360,94.1
2022,Shohei Ohtani,shohei ohtani,21.727,1182,0,1,1,660271,97.3
2022,Jeurys Familia,jeurys familia,21.749,387,0,1,1,544727,95.4
2022,Steven Wilson,steven wilson,21.78,394,0,1,1,621051,95.1
2022,Erasmo Ramírez,erasmo ramírez,21.816,538,0,1,1,541640,93.8
2022,Clay Holmes,clay holmes,21.818,451,0,1,1,605280,97.0
2022,Alexis Díaz,alexis díaz,21.897,454,0,1,1,664747,95.7
2022,Ryan Tepera,ryan tepera,21.905,395,0,1,1,572193,92.6
2022,Sam Moll,sam moll,21.935,365,0,1,0,,
2022,Luis García,luis garcía,21.946,417,0,1,1,472610,97.7
2022,José Alvarado,josé alvarado,22.024,396,0,1,1,621237,98.2
2022,Ryan Thompson,ryan thompson,22.06,326,0,1,0,,
2022,Jason Adam,jason adam,22.096,392,0,1,1,592094,94.8
2022,Liam Hendriks,liam hendriks,22.097,403,1,1,1,521230,97.6
2022,Josh Hader,josh hader,22.113,431,0,1,1,623352,97.2
2022,José Suarez,josé suarez,22.121,763,0,1,1,660761,92.7
2022,Taylor Rogers,taylor rogers,22.27,516,0,1,1,573124,93.6
2022,Camilo Doval,camilo doval,22.272,507,0,1,1,666808,98.4
2022,Cionel Pérez,cionel pérez,22.482,398,0,1,1,672335,97.0
2022,Ryne Stanek,ryne stanek,22.514,376,0,1,1,592773,98.3
2022,James Karinchak,james karinchak,22.614,360,0,1,0,,
2022,Craig Kimbrel,craig kimbrel,22.748,493,0,1,1,518886,95.8
2022,Reynaldo López,reynaldo lópez,22.812,416,0,1,1,625643,97.1
2022,Brad Hand,brad hand,22.912,408,1,1,1,543272,92.6
2022,Chris Martin,chris martin,22.917,341,0,1,1,455119,95.3
2022,Dennis Santana,dennis santana,22.92,472,0,1,1,642701,97.6
2022,A.J. Minter,a.j. minter,23.029,453,0,1,1,621345,96.6
2022,Joe Kelly,joe kelly,23.086,329,0,1,0,,
2022,Noé Ramirez,noé ramirez,23.1,378,0,1,1,598287,89.8
2022,Ryan Helsley,ryan helsley,23.103,387,0,1,1,664854,99.6
2022,Jake Diekman,jake diekman,23.533,566,0,1,1,518617,95.7
2022,Alex Colomé,alex colomé,23.552,351,0,1,0,,
2022,Emilio Pagán,emilio pagán,23.83,460,0,1,1,641941,95.6
2022,Josh Staumont,josh staumont,23.927,333,0,1,0,,
2022,Hunter Strickland,hunter strickland,24.262,471,0,1,1,519326,95.0
2022,Alex Vesia,alex vesia,24.456,416,0,1,1,681911,94.1
2022,Andrew Bellatti,andrew bellatti,24.586,414,0,1,1,571479,94.4
2022,Devin Williams,devin williams,24.717,468,0,1,1,642207,93.9
2022,Kyle Finnegan,kyle finnegan,25.543,471,0,1,1,640448,97.0
2022,Kenley Jansen,kenley jansen,25.579,422,1,1,1,445276,93.6
2022,Jonathan Loáisiga,jonathan loáisiga,25.761,330,0,1,0,,
2022,Giovanny Gallegos,giovanny gallegos,25.811,390,0,1,1,606149,94.3
2023,Wade Miley,wade miley,11.261,617,0,1,1,489119,90.4
2023,Logan Allen,logan allen,11.516,601,0,1,1,671106,91.4
2023,Brent Suter,brent suter,11.923,317,0,1,1,608718,86.0
2023,Mitch Keller,mitch keller,12.125,878,0,1,1,656605,95.2
2023,Jakob Junis,jakob junis,12.245,363,0,1,1,596001,93.9
2023,Steven Matz,steven matz,12.345,522,0,1,1,571927,94.1
2023,Rich Hill,rich hill,12.517999999999999,682,0,1,1,448179,88.4
2023,Brusdar Graterol,brusdar graterol,12.583,231,0,1,1,660813,98.3
2023,Miles Mikolas,miles mikolas,12.601000000000003,881,0,1,1,571945,93.3
2023,Josh Fleming,josh fleming,12.603,237,1,1,0,,
2023,Taijuan Walker,taijuan walker,12.675,900,0,1,1,592836,92.8
2023,Bryce Elder,bryce elder,12.681000000000001,798,0,1,1,693821,90.8
2023,Ty Blach,ty blach,12.715,304,0,1,1,621389,90.2
2023,Hogan Harris,hogan harris,12.735,296,0,1,1,663687,92.6
2023,Osvaldo Bido,osvaldo bido,12.761000000000001,235,0,1,1,674370,94.7
2023,Louis Varland,louis varland,12.763,290,0,1,1,686973,95.3
2023,Cal Quantrill,cal quantrill,12.78,467,1,1,1,615698,93.7
2023,Brad Keller,brad keller,12.822,251,1,1,1,641745,93.3
2023,Marco Gonzales,marco gonzales,12.837,215,1,1,1,594835,89.2
2023,Quinn Priester,quinn priester,12.838,270,0,1,1,682990,92.7
2023,Andrew Vasquez,andrew vasquez,12.92,189,0,1,1,607755,89.1
2023,Luis Castillo,luis castillo,12.932,905,0,1,1,622491,96.3
2023,Reese Olson,reese olson,12.933,430,0,1,1,681857,94.8
2023,Tyler Alexander,tyler alexander,12.935,785,1,1,0,,
2023,Keaton Winn,keaton winn,12.945,259,0,1,0,,
2023,Tyler Anderson,tyler anderson,12.961999999999998,425,0,1,1,542881,90.1
2023,Tyler Wells,tyler wells,12.974999999999998,316,0,1,1,669330,92.5
2023,JP Sears,jp sears,12.978,488,0,1,1,676664,93.1
2023,Zac Gallen,zac gallen,12.996,701,0,1,1,668678,93.5
2023,Sam Long,sam long,13.038,207,0,1,0,,
2023,Ross Stripling,ross stripling,13.045,181,0,1,1,548389,92.4
2023,Jesse Chavez,jesse chavez,13.079,362,0,1,0,,
2023,Chris Bassitt,chris bassitt,13.092,1017,0,1,1,605135,92.4
2023,Zack Greinke,zack greinke,13.14,342,1,1,1,425844,89.5
2023,George Kirby,george kirby,13.148,315,0,1,1,669923,96.1
2023,Tanner Houck,tanner houck,13.162,773,0,1,1,656557,93.9
2023,Joe Ryan,joe ryan,13.169000000000002,686,0,1,1,657746,92.3
2023,Cole Irvin,cole irvin,13.199,323,0,1,1,608344,92.2
2023,Zach Eflin,zach eflin,13.221,147,0,1,1,621107,93.1
2023,Kutter Crawford,kutter crawford,13.223,573,0,1,1,676710,93.6
2023,Griffin Jax,griffin jax,13.232,872,0,1,1,643377,96.5
2023,Gerrit Cole,gerrit cole,13.247999999999998,892,0,1,1,543037,96.7
2023,Cristopher Sánchez,cristopher sánchez,13.252,226,1,1,1,650911,93.9
2023,Yusei Kikuchi,yusei kikuchi,13.307,277,0,1,1,579328,95.1
2023,Shane Bieber,shane bieber,13.315,252,1,1,1,669456,91.3
2023,Logan Webb,logan webb,13.329,564,0,1,1,657277,92.6
2023,Tyler Glasnow,tyler glasnow,13.335,599,0,1,1,607192,96.4
2023,Ben Lively,ben lively,13.337999999999997,692,0,1,1,594902,90.7
2023,Martín Pérez,martín pérez,13.369,227,0,1,1,527048,91.6
2023,Jake Irvin,jake irvin,13.378000000000002,334,0,1,1,663623,94.5
2023,Ryan Borucki,ryan borucki,13.398,494,0,1,0,,
2023,Joey Krehbiel,joey krehbiel,13.398,321,0,1,0,,
2023,Matt Strahm,matt strahm,13.408,357,0,1,1,621381,93.4
2023,Griffin Canning,griffin canning,13.415,595,0,1,1,656288,94.7
2023,Andrew Heaney,andrew heaney,14.152420560747665,535,0,2,1,571760,92.5
2023,Colin Poche,colin poche,13.419,458,0,1,1,621363,92.5
2023,José Berríos,josé berríos,13.428,717,0,1,1,621244,94.3
2023,Dane Dunning,dane dunning,13.438,795,0,1,1,641540,90.6
2023,Framber Valdez,framber valdez,13.438,251,0,1,1,664285,94.5
2023,Kyle Gibson,kyle gibson,13.470000000000002,640,0,1,1,502043,92.1
2023,Alec Marsh,alec marsh,13.477,500,0,1,1,679525,94.2
2023,Alex Wood,alex wood,13.482,249,0,1,1,622072,91.5
2023,Tanner Bibee,tanner bibee,13.488000000000001,732,1,1,1,676440,94.9
2023,Sonny Gray,sonny gray,13.489,233,0,1,1,543243,92.9
2023,Hoby Milner,hoby milner,13.5,523,0,1,1,571948,89.0
2023,Alex Cobb,alex cobb,13.508,538,0,1,1,502171,95.6
2023,Emmet Sheehan,emmet sheehan,13.514999999999999,208,0,1,1,686218,95.4
2023,Ryan Yarbrough,ryan yarbrough,13.515,252,0,1,1,642232,87.0
2023,Brandon Pfaadt,brandon pfaadt,13.521000000000003,359,0,1,1,694297,93.7
2023,Ryan Feltner,ryan feltner,13.526000000000002,178,0,1,0,,
2023,José Ureña,josé ureña,13.535,824,0,1,0,,
2023,Bobby Miller,bobby miller,13.547,807,0,1,1,676272,99.1
2023,Aaron Nola,aaron nola,13.562,553,0,1,1,605400,92.7
2023,Zach Plesac,zach plesac,13.567,431,0,1,0,,
2023,Hyun Jin Ryu,hyun jin ryu,13.577,269,1,1,1,547943,88.7
2023,Bailey Ober,bailey ober,13.591,556,0,1,1,641927,91.3
2023,Justin Steele,justin steele,13.593,392,0,1,1,657006,91.8
2023,Seth Lugo,seth lugo,13.607999999999999,473,0,1,1,607625,93.4
2023,Graham Ashcraft,graham ashcraft,13.611,250,1,1,1,668933,96.5
2023,Bryan Woo,bryan woo,13.618000000000002,623,1,1,1,693433,95.1
2023,Nick Pivetta,nick pivetta,13.639999999999999,663,0,1,1,601713,94.6
2023,Tarik Skubal,tarik skubal,13.67,591,1,1,1,669373,95.8
2023,Brayan Bello,brayan bello,13.695,231,1,1,1,678394,95.5
2023,Hayden Wesneski,hayden wesneski,13.698,727,0,1,1,669713,94.3
2023,Dean Kremer,dean kremer,13.732,760,0,1,1,665152,94.6
2023,Reiver Sanmartin,reiver sanmartin,13.74,183,1,1,0,,
2023,Mason Englert,mason englert,13.772,751,0,1,1,669438,91.1
2023,Spencer Strider,spencer strider,13.789,706,0,1,1,675911,97.2
2023,Kyle Freeland,kyle freeland,13.791,584,1,1,1,607536,88.8
2023,Pablo López,pablo lópez,13.8,322,0,1,1,641154,94.9
2023,Zack Wheeler,zack wheeler,13.807,480,0,1,1,554430,95.8
2023,Kyle Hendricks,kyle hendricks,13.826999999999998,730,1,1,1,543294,87.8
2023,Anthony DeSclafani,anthony desclafani,13.830999999999998,685,1,1,1,543101,93.2
2023,Tim Hill,tim hill,13.837,589,1,1,0,,
2023,Hunter Brown,hunter brown,13.838,273,0,1,1,686613,95.7
2023,Chris Flexen,chris flexen,13.849,270,0,1,1,623167,91.9
2023,Ranger Suárez,ranger suárez,13.855,312,1,1,1,624133,93.4
2023,Julio Urías,julio urías,13.859,629,0,1,1,628711,92.7
2023,Luis Severino,luis severino,13.86,605,0,1,1,622663,96.5
2023,Austin Gomber,austin gomber,13.866,268,0,1,1,596295,90.6
2023,Jake Woodford,jake woodford,13.875,441,1,1,1,663765,92.5
2023,Max Scherzer,max scherzer,13.889,244,1,1,1,453286,93.7
2023,Clarke Schmidt,clarke schmidt,13.906,570,0,1,1,657376,95.2
2023,José Cisnero,josé cisnero,13.911,552,0,1,1,542585,95.8
2023,Drew Smyly,drew smyly,13.911,512,0,1,1,592767,90.6
2023,Jameson Taillon,jameson taillon,13.916,365,0,1,1,592791,93.7
2023,Trevor Richards,trevor richards,13.926,299,0,1,1,670950,92.8
2023,Matt Moore,matt moore,13.927000000000001,652,0,1,1,519043,94.0
2023,Trevor Williams,trevor williams,13.96,209,0,1,1,592866,89.7
2023,Jordan Montgomery,jordan montgomery,13.963,228,0,1,1,656756,93.2
2023,Xzavion Curry,xzavion curry,13.991,234,0,1,1,675540,92.5
2023,Merrill Kelly,merrill kelly,13.997,463,0,1,1,518876,92.2
2023,Zach Logue,zach logue,14.008,299,0,1,0,,
2023,Ryne Nelson,ryne nelson,14.012,445,0,1,1,669194,94.4
2023,Bailey Falter,bailey falter,14.04,465,0,1,1,663559,90.7
2023,Joey Wentz,joey wentz,14.041,777,0,1,1,666214,93.4
2023,Gavin Williams,gavin williams,14.047,338,0,1,1,668909,95.7
2023,Chase Anderson,chase anderson,14.065,724,1,1,1,502624,93.3
2023,Jordan Lyles,jordan lyles,14.076,210,0,1,1,543475,91.2
2023,Paul Blackburn,paul blackburn,14.081,224,0,1,1,621112,91.9
2023,Eury Pérez,eury pérez,14.081,861,1,1,1,691587,97.5
2023,José Butto,josé butto,14.082999999999998,361,0,1,0,,
2023,Brandon Williamson,brandon williamson,14.085,214,0,1,1,682227,92.8
2023,Buck Farmer,buck farmer,14.093,678,0,1,1,571656,93.9
2023,Kevin Gausman,kevin gausman,14.1,614,0,1,1,592332,94.7
2023,Keegan Thompson,keegan thompson,14.103,389,0,1,0,,
2023,Jon Gray,jon gray,14.109,373,1,1,1,592351,95.7
2023,Braxton Garrett,braxton garrett,14.111,259,0,1,1,666129,90.8
2023,Reid Detmers,reid detmers,14.120999999999999,440,0,1,1,672282,94.4
2023,Lance Lynn,lance lynn,14.142999999999999,306,0,1,1,458681,92.4
2023,Kyle Bradish,kyle bradish,14.147,336,0,1,1,680694,94.5
2023,Logan Gilbert,logan gilbert,14.15,253,0,1,1,669302,95.7
2023,Dakota Hudson,dakota hudson,14.163,660,0,1,1,641712,91.1
2023,Marcus Stroman,marcus stroman,14.167,383,0,1,1,573186,92.0
2023,Dylan Cease,dylan cease,14.18,408,0,1,1,656302,95.6
2023,Jesús Luzardo,jesús luzardo,14.181,676,0,1,1,666200,96.7
2023,Charlie Morton,charlie morton,14.196,242,0,1,1,450203,94.9
2023,Drew Rucinski,drew rucinski,14.197,992,0,1,0,,
2023,Eric Lauer,eric lauer,14.197999999999999,340,1,1,1,641778,90.8
2023,Jhony Brito,jhony brito,14.221,841,0,1,1,666745,95.8
2023,Patrick Corbin,patrick corbin,14.221,274,0,1,1,571578,91.7
2023,Connor Seabold,connor seabold,14.226000000000003,386,0,1,1,657756,92.6
2023,José Soriano,josé soriano,14.246,698,0,1,0,,
2023,Brady Singer,brady singer,14.254,632,0,1,1,663903,92.4
2023,Randy Vásquez,randy vásquez,14.256,192,0,1,0,,
2023,Adrian Houser,adrian houser,14.261,224,1,1,1,605288,93.4
2023,Clayton Kershaw,clayton kershaw,14.263,458,1,1,1,477132,90.7
2023,Luis Cessa,luis cessa,14.265,243,0,1,0,,
2023,Noah Syndergaard,noah syndergaard,14.267,266,0,1,1,592789,92.2
2023,Tommy Henry,tommy henry,14.279,433,1,1,1,674072,90.7
2023,J.P. France,j.p. france,14.323,219,0,1,1,641585,93.1
2023,Johan Oviedo,johan oviedo,14.342,233,0,1,1,670912,95.8
2023,Justin Verlander,justin verlander,14.372,230,1,1,1,434378,94.3
2023,Nathan Eovaldi,nathan eovaldi,14.372,228,1,1,1,543135,95.1
2023,Michael Kopech,michael kopech,14.373,183,1,1,1,656629,95.2
2023,Brandon Woodruff,brandon woodruff,14.392,229,1,1,1,605540,95.8
2023,Joe Musgrove,joe musgrove,14.397,228,1,1,1,605397,93.1
2023,Freddy Peralta,freddy peralta,14.406,818,0,1,1,642547,94.4
2023,Cody Bradford,cody bradford,14.423,540,0,1,1,674003,90.4
2023,Josiah Gray,josiah gray,14.437999999999999,301,0,1,1,680686,93.6
2023,Michael Lorenzen,michael lorenzen,14.443,940,0,1,1,547179,94.3
2023,Colin Rea,colin rea,14.445,204,0,1,1,607067,93.2
2023,Alex Faedo,alex faedo,14.475,540,0,1,1,656412,92.9
2023,Jordan Wicks,jordan wicks,14.492,255,0,1,0,,
2023,Luis Medina,luis medina,14.503,485,0,1,1,665622,96.1
2023,Nick Martinez,nick martinez,14.532999999999998,785,0,1,1,607259,93.3
2023,Shane McClanahan,shane mcclanahan,14.535,502,1,1,1,663556,96.8
2023,Kenta Maeda,kenta maeda,14.56,284,1,1,1,628317,91.0
2023,Triston McKenzie,triston mckenzie,14.565,187,1,1,0,,
2023,Kenny Rosenberg,kenny rosenberg,14.568,691,0,1,0,,
2023,Nestor Cortes,nestor cortes,14.571,274,1,1,1,641482,91.6
2023,José Quintana,josé quintana,14.606,277,0,1,0,,
2023,Patrick Sandoval,patrick sandoval,14.621,230,0,1,1,663776,93.0
2023,Javier Assad,javier assad,14.639999999999999,208,0,1,1,665871,93.1
2023,Sean Manaea,sean manaea,14.643,288,0,1,1,640455,93.8
2023,MacKenzie Gore,mackenzie gore,14.648,208,0,1,1,669022,95.0
2023,John Schreiber,john schreiber,14.665,864,0,1,1,670167,93.2
2023,Corbin Burnes,corbin burnes,14.669,416,0,1,1,669203,95.3
2023,Kodai Senga,kodai senga,14.672,300,0,1,1,673540,95.7
2023,Wandy Peralta,wandy peralta,14.675,447,1,1,1,593974,95.7
2023,Bryan Abreu,bryan abreu,14.679,872,0,1,1,650556,97.6
2023,Michael King,michael king,14.682,196,0,1,1,650633,94.7
2023,Lucas Giolito,lucas giolito,14.685,330,0,1,1,608337,93.1
2023,Trevor Rogers,trevor rogers,14.696,208,1,1,0,,
2023,Mason Miller,mason miller,14.738,158,1,1,0,,
2023,Zach Davies,zach davies,14.742,265,0,1,1,605200,89.4
2023,Yimi García,yimi garcía,14.744,402,0,1,1,554340,96.0
2023,Roansy Contreras,roansy contreras,14.754,671,0,1,1,672710,94.3
2023,José Urquidy,josé urquidy,14.762000000000002,280,1,1,1,664353,93.1
2023,Cristian Javier,cristian javier,14.764,716,0,1,1,664299,92.7
2023,Garrett Hill,garrett hill,14.771,260,0,1,0,,
2023,Matthew Liberatore,matthew liberatore,14.771999999999998,295,0,1,1,669461,94.2
2023,Carlos Carrasco,carlos carrasco,14.783,256,1,1,1,471911,92.7
2023,Brandon Bielak,brandon bielak,14.791000000000002,318,0,1,1,656232,92.1
2023,Trevor Stephan,trevor stephan,14.8,518,0,1,1,663986,94.9
2023,Michael Wacha,michael wacha,14.805,557,1,1,1,608379,92.0
2023,Erik Swanson,erik swanson,14.82,183,0,1,1,657024,93.7
2023,Sandy Alcantara,sandy alcantara,14.833,299,1,1,1,645261,98.0
2023,Aaron Ashby,aaron ashby,14.839,252,1,1,0,,
2023,Max Fried,max fried,14.847,369,1,1,1,608331,94.0
2023,A.J. Minter,a.j. minter,14.85,654,1,1,1,621345,95.8
2023,Aaron Civale,aaron civale,14.865,374,0,1,1,650644,91.8
2023,Nick Lodolo,nick lodolo,14.872,233,0,1,0,,
2023,Andrew Nardi,andrew nardi,14.873,878,1,1,1,677053,94.6
2023,Luke Weaver,luke weaver,14.882,699,1,1,1,596133,94.0
2023,Génesis Cabrera,génesis cabrera,14.892000000000001,883,0,1,1,650893,96.0
2023,Carlos Rodón,carlos rodón,14.939,662,1,1,1,607074,95.3
2023,Blake Snell,blake snell,14.942,219,0,1,1,605483,95.5
2023,Emmanuel Clase,emmanuel clase,14.943,401,0,1,1,661403,100.6
2023,Grayson Rodriguez,grayson rodriguez,14.945,250,0,1,1,680570,97.4
2023,Shohei Ohtani,shohei ohtani,14.973,982,0,1,1,660271,96.8
2023,Joe Kelly,joe kelly,14.977,190,1,1,0,,
2023,Edward Cabrera,edward cabrera,14.979,351,0,1,1,665795,96.2
2023,Phil Bickford,phil bickford,14.993,355,0,1,1,641360,93.7
2023,Daniel Lynch IV,daniel lynch iv,15.026,300,1,1,0,,
2023,Clay Holmes,clay holmes,15.039999999999997,343,0,1,1,605280,95.7
2023,Paul Sewald,paul sewald,15.06,335,0,1,1,623149,92.2
2023,Luis García,luis garcía,15.065,240,1,1,1,472610,96.9
2023,Cionel Pérez,cionel pérez,15.067999999999998,197,1,1,1,672335,96.8
2023,David Robertson,david robertson,15.073,642,0,1,1,502085,93.8
2023,David Bednar,david bednar,15.091,629,0,1,1,670280,96.6
2023,Drew Smith,drew smith,15.102,239,0,1,1,622098,95.0
2023,Alex Lange,alex lange,15.112,964,0,1,1,656638,96.1
2023,Ryan Helsley,ryan helsley,15.142,266,1,1,0,,
2023,Camilo Doval,camilo doval,15.172,481,0,1,1,666808,99.2
2023,James Kaprielian,james kaprielian,15.173,282,1,1,1,621076,92.3
2023,Pete Fairbanks,pete fairbanks,15.201000000000002,673,1,1,0,,
2023,Tony Gonsolin,tony gonsolin,15.241000000000001,843,1,1,1,664062,92.4
2023,Ryne Stanek,ryne stanek,15.268,203,0,1,1,592773,98.2
2023,Jimmy Herget,jimmy herget,15.303,250,0,1,0,,
2023,Jordan Romano,jordan romano,15.338,396,0,1,1,605447,96.7
2023,Tim Mayza,tim mayza,15.361,231,0,1,0,,
2023,José Leclerc,josé leclerc,15.391,361,0,1,1,600917,95.1
2023,Félix Bautista,félix bautista,15.425,198,1,1,1,642585,99.5
2023,Phil Maton,phil maton,15.428,206,1,1,1,664208,88.3
2023,Kenley Jansen,kenley jansen,15.438,278,0,1,0,,
2023,Alek Manoah,alek manoah,15.463,241,0,1,1,666201,92.8
2023,Jorge López,jorge lópez,15.471,622,0,1,1,605347,96.9
2023,Frankie Montas,frankie montas,15.543,192,1,1,0,,
2023,Devin Williams,devin williams,15.622,405,0,1,1,642207,94.2
2023,Gregory Soto,gregory soto,15.713999999999999,331,0,1,1,642397,98.8
2023,Yu Darvish,yu darvish,15.791000000000002,280,1,1,1,506433,94.7
2023,Aaron Loup,aaron loup,15.922,284,1,1,1,571901,91.2
2023,Jonathan Loáisiga,jonathan loáisiga,15.997,478,1,1,0,,
2023,Giovanny Gallegos,giovanny gallegos,16.025,247,1,1,1,606149,93.7
2023,Reynaldo López,reynaldo lópez,16.049,237,0,1,1,625643,98.2
2023,Collin McHugh,collin mchugh,16.495,667,1,1,1,543521,91.3
2023,Mychal Givens,mychal givens,16.731,328,1,1,0,,
2023,Robbie Ray,robbie ray,16.993,820,1,1,0,,
2023,Josh Hader,josh hader,17.729,743,0,1,1,623352,96.1
