player_key,player,injury_2022,injury_2023,tempo_2022,tempo_2023,pitches_2022,pitches_2023
a.j. minter,A.J. Minter,0,1,23.029,14.85,453,654
aaron ashby,Aaron Ashby,1,1,14.5,14.839,903,252
aaron civale,Aaron Civale,1,0,17.45,14.865,737,374
aaron loup,Aaron Loup,0,1,18.617,15.922,424,284
aaron nola,Aaron Nola,0,0,20.119,13.562,1328,553
adrian houser,Adrian Houser,1,1,15.754,14.261,887,224
alek manoah,Alek Manoah,0,0,20.7,15.463,1280,241
alex cobb,Alex Cobb,1,0,16.85,13.508,1131,538
alex faedo,Alex Faedo,1,0,15.668,14.475,437,540
alex lange,Alex Lange,0,0,17.939,15.112,457,964
alex wood,Alex Wood,0,0,15.097,13.482,1028,249
andrew heaney,Andrew Heaney,1,0,15.303,14.152420560747665,540,535
austin gomber,Austin Gomber,0,0,15.109,13.866,899,268
bailey falter,Bailey Falter,1,0,19.716,14.04,572,465
bailey ober,Bailey Ober,0,0,16.026,13.591,366,556
blake snell,Blake Snell,0,0,19.018,14.942,1025,219
brad keller,Brad Keller,0,1,15.359,12.822,976,251
brady singer,Brady Singer,0,0,14.614,14.254,1161,632
brandon woodruff,Brandon Woodruff,0,1,19.756,14.392,1128,229
braxton garrett,Braxton Garrett,1,0,16.7,14.111,639,259
brayan bello,Brayan Bello,1,1,16.253,13.695,462,231
brent suter,Brent Suter,0,0,12.626,11.923,494,317
bryan abreu,Bryan Abreu,0,0,21.246,14.679,423,872
bryce elder,Bryce Elder,0,0,14.772,12.681000000000001,400,798
buck farmer,Buck Farmer,0,0,20.099,14.093,376,678
cal quantrill,Cal Quantrill,1,1,14.835,12.78,1304,467
camilo doval,Camilo Doval,0,0,22.272,15.172,507,481
carlos carrasco,Carlos Carrasco,1,1,17.695,14.783,1024,256
carlos rodón,Carlos Rodón,0,1,18.922,14.939,1298,662
charlie morton,Charlie Morton,0,0,17.319,14.196,1357,242
chris bassitt,Chris Bassitt,1,0,17.943,13.092,1377,1017
chris flexen,Chris Flexen,0,0,17.467,13.849,944,270
cionel pérez,Cionel Pérez,0,1,22.482,15.067999999999998,398,197
clarke schmidt,Clarke Schmidt,0,0,17.285,13.906,420,570
clay holmes,Clay Holmes,0,0,21.818,15.039999999999997,451,343
clayton kershaw,Clayton Kershaw,1,1,15.982,14.263,788,458
cole irvin,Cole Irvin,1,0,14.068,13.199,1144,323
colin poche,Colin Poche,0,0,20.468,13.419,406,458
collin mchugh,Collin McHugh,0,1,16.319,16.495,478,667
corbin burnes,Corbin Burnes,0,0,21.088,14.669,1506,416
cristian javier,Cristian Javier,0,0,18.599,14.764,1131,716
dakota hudson,Dakota Hudson,1,0,16.414,14.163,1085,660
dane dunning,Dane Dunning,0,0,16.512,13.438,1191,795
daniel lynch iv,Daniel Lynch IV,0,1,15.413,15.026,1060,300
david bednar,David Bednar,1,0,20.531,15.091,367,629
david robertson,David Robertson,0,0,17.371,15.073,493,642
dean kremer,Dean Kremer,0,0,17.223,13.732,837,760
devin williams,Devin Williams,0,0,24.717,15.622,468,405
drew smith,Drew Smith,0,0,18.149,15.102,354,239
drew smyly,Drew Smyly,1,0,15.477,13.911,721,512
dylan cease,Dylan Cease,0,0,18.427,14.18,1371,408
edward cabrera,Edward Cabrera,1,0,17.392,14.979,585,351
eric lauer,Eric Lauer,1,1,15.388,14.197999999999999,1241,340
erik swanson,Erik Swanson,0,0,19.436,14.82,361,183
framber valdez,Framber Valdez,0,0,17.758,13.438,1356,251
frankie montas,Frankie Montas,0,1,18.652,15.543,957,192
freddy peralta,Freddy Peralta,0,0,17.632,14.406,660,818
félix bautista,Félix Bautista,0,1,20.165,15.425,416,198
garrett hill,Garrett Hill,0,0,17.588,14.771,467,260
george kirby,George Kirby,0,0,16.457,13.148,876,315
gerrit cole,Gerrit Cole,0,0,17.599,13.247999999999998,1477,892
giovanny gallegos,Giovanny Gallegos,0,1,25.811,16.025,390,247
graham ashcraft,Graham Ashcraft,0,1,18.415,13.611,774,250
gregory soto,Gregory Soto,0,0,19.118,15.713999999999999,491,331
griffin jax,Griffin Jax,0,0,20.084,13.232,502,872
génesis cabrera,Génesis Cabrera,0,0,20.862,14.892000000000001,326,883
hoby milner,Hoby Milner,0,0,15.528,13.5,563,523
jakob junis,Jakob Junis,0,0,14.61,12.245,868,363
james kaprielian,James Kaprielian,1,1,18.114,15.173,1016,282
jameson taillon,Jameson Taillon,0,0,17.123,13.916,1273,365
jesse chavez,Jesse Chavez,0,0,13.685,13.079,584,362
jesús luzardo,Jesús Luzardo,0,0,16.116,14.181,747,676
jimmy herget,Jimmy Herget,1,0,18.136,15.303,483,250
joe kelly,Joe Kelly,0,1,23.086,14.977,329,190
joe musgrove,Joe Musgrove,0,1,16.906,14.397,1320,228
joe ryan,Joe Ryan,1,0,16.439,13.169000000000002,1017,686
joey krehbiel,Joey Krehbiel,0,0,19.93,13.398,458,321
johan oviedo,Johan Oviedo,0,0,16.518,14.342,437,233
john schreiber,John Schreiber,0,0,20.716,14.665,493,864
jon gray,Jon Gray,0,1,18.548,14.109,907,373
jonathan loáisiga,Jonathan Loáisiga,0,1,25.761,15.997,330,478
jordan lyles,Jordan Lyles,0,0,15.517,14.076,1362,210
jordan montgomery,Jordan Montgomery,0,0,20.368,13.963,1174,228
jordan romano,Jordan Romano,0,0,20.521,15.338,416,396
jorge lópez,Jorge López,0,0,20.608,15.471,510,622
josh hader,Josh Hader,0,0,22.113,17.729,431,743
josiah gray,Josiah Gray,0,0,19.673,14.437999999999999,1233,301
josé berríos,José Berríos,0,0,15.365,13.428,1232,717
josé leclerc,José Leclerc,0,0,19.712,15.391,340,361
josé ureña,José Ureña,0,0,16.557,13.535,732,824
josé urquidy,José Urquidy,0,1,16.427,14.762000000000002,1114,280
jp sears,JP Sears,0,0,21.133,12.978,517,488
julio urías,Julio Urías,0,0,19.9,13.859,1109,629
justin steele,Justin Steele,1,0,16.647,13.593,922,392
justin verlander,Justin Verlander,1,1,20.144,14.372,1044,230
keegan thompson,Keegan Thompson,0,0,16.074,14.103,875,389
kenley jansen,Kenley Jansen,1,0,25.579,15.438,422,278
kevin gausman,Kevin Gausman,0,0,20.331,14.1,1031,614
kutter crawford,Kutter Crawford,1,0,16.967,13.223,579,573
kyle bradish,Kyle Bradish,1,0,18.363,14.147,911,336
kyle freeland,Kyle Freeland,0,1,17.201,13.791,1285,584
kyle gibson,Kyle Gibson,0,0,19.888,13.470000000000002,1231,640
kyle hendricks,Kyle Hendricks,1,1,16.989,13.826999999999998,642,730
lance lynn,Lance Lynn,0,0,19.336,14.142999999999999,883,306
logan gilbert,Logan Gilbert,0,0,15.153,14.15,1329,253
logan webb,Logan Webb,1,0,14.504,13.329,1423,564
lucas giolito,Lucas Giolito,0,0,20.683,14.685,1227,330
luis castillo,Luis Castillo,1,0,15.325,12.932,1130,905
luis cessa,Luis Cessa,0,0,18.884,14.265,571,243
luis garcía,Luis García,0,1,21.946,15.065,417,240
luis severino,Luis Severino,0,0,16.258,13.86,716,605
mackenzie gore,MacKenzie Gore,1,0,18.652,14.648,572,208
marco gonzales,Marco Gonzales,0,1,15.235,12.837,1273,215
marcus stroman,Marcus Stroman,0,0,16.52,14.167,1028,383
martín pérez,Martín Pérez,0,0,18.191,13.369,1408,227
matt moore,Matt Moore,0,0,19.883,13.927000000000001,500,652
matt strahm,Matt Strahm,0,0,20.62,13.408,340,357
max fried,Max Fried,1,1,18.031,14.847,1265,369
max scherzer,Max Scherzer,0,1,16.612,13.889,922,244
merrill kelly,Merrill Kelly,0,0,16.974,13.997,1363,463
michael king,Michael King,0,0,21.497,14.682,374,196
michael kopech,Michael Kopech,0,1,21.135,14.373,942,183
michael lorenzen,Michael Lorenzen,0,0,16.377,14.443,753,940
michael wacha,Michael Wacha,0,1,15.658,14.805,853,557
miles mikolas,Miles Mikolas,0,0,14.902,12.601000000000003,1449,881
mitch keller,Mitch Keller,0,0,14.981,12.125,1236,878
mychal givens,Mychal Givens,1,1,17.249,16.731,487,328
nathan eovaldi,Nathan Eovaldi,0,1,17.767,14.372,742,228
nestor cortes,Nestor Cortes,1,1,14.99,14.571,1091,274
nick lodolo,Nick Lodolo,1,0,17.087,14.872,793,233
nick martinez,Nick Martinez,0,0,17.727,14.532999999999998,761,785
nick pivetta,Nick Pivetta,0,0,17.008,13.639999999999999,1353,663
noah syndergaard,Noah Syndergaard,0,0,19.173,14.267,876,266
pablo lópez,Pablo López,0,0,18.794,13.8,1286,322
patrick corbin,Patrick Corbin,0,0,16.043,14.221,1184,274
patrick sandoval,Patrick Sandoval,0,0,19.145,14.621,1100,230
paul blackburn,Paul Blackburn,0,0,20.881,14.081,862,224
paul sewald,Paul Sewald,0,0,21.539,15.06,443,335
phil bickford,Phil Bickford,1,0,21.682,14.993,437,355
phil maton,Phil Maton,0,1,20.247,15.428,500,206
ranger suárez,Ranger Suárez,0,1,16.398,13.855,1216,312
reid detmers,Reid Detmers,0,0,16.246,14.120999999999999,981,440
reiver sanmartin,Reiver Sanmartin,0,1,14.563,13.74,495,183
reynaldo lópez,Reynaldo López,0,0,22.812,16.049,416,237
rich hill,Rich Hill,1,0,15.306,12.517999999999999,947,682
roansy contreras,Roansy Contreras,0,0,15.878,14.754,701,671
robbie ray,Robbie Ray,0,1,18.49,16.993,1275,820
ross stripling,Ross Stripling,1,0,17.136,13.045,891,181
ryan feltner,Ryan Feltner,1,0,17.299,13.526000000000002,776,178
ryan helsley,Ryan Helsley,0,1,23.103,15.142,387,266
ryan yarbrough,Ryan Yarbrough,1,0,18.361,13.515,593,252
ryne stanek,Ryne Stanek,0,0,22.514,15.268,376,203
sam long,Sam Long,0,0,12.758,13.038,342,207
sandy alcantara,Sandy Alcantara,0,1,15.462,14.833,1313,299
sean manaea,Sean Manaea,0,0,15.532,14.643,1079,288
seth lugo,Seth Lugo,0,0,16.988,13.607999999999999,526,473
shane bieber,Shane Bieber,0,1,14.55,13.315,1260,252
shane mcclanahan,Shane McClanahan,0,1,17.182,14.535,1102,502
shohei ohtani,Shohei Ohtani,0,0,21.727,14.973,1182,982
sonny gray,Sonny Gray,0,0,17.667,13.489,884,233
spencer strider,Spencer Strider,1,0,16.891,13.789,994,706
steven matz,Steven Matz,1,0,14.39,12.345,390,522
taijuan walker,Taijuan Walker,1,0,15.073,12.675,1133,900
tanner houck,Tanner Houck,0,0,20.299,13.162,419,773
tarik skubal,Tarik Skubal,1,1,15.79,13.67,843,591
tim hill,Tim Hill,1,1,17.121,13.837,365,589
tim mayza,Tim Mayza,0,0,17.525,15.361,345,231
tommy henry,Tommy Henry,0,1,18.758,14.279,342,433
tony gonsolin,Tony Gonsolin,1,1,18.395,15.241000000000001,867,843
trevor richards,Trevor Richards,0,0,17.595,13.926,543,299
trevor rogers,Trevor Rogers,1,1,17.255,14.696,843,208
trevor stephan,Trevor Stephan,0,0,20.436,14.8,438,518
trevor williams,Trevor Williams,0,0,17.173,13.96,641,209
triston mckenzie,Triston McKenzie,0,1,15.947,14.565,1159,187
tyler alexander,Tyler Alexander,1,1,18.269,12.935,700,785
tyler anderson,Tyler Anderson,0,0,17.418,12.961999999999998,1071,425
tyler wells,Tyler Wells,1,0,19.683,12.974999999999998,703,316
wandy peralta,Wandy Peralta,0,1,16.651,14.675,329,447
yimi garcía,Yimi García,0,0,20.446,14.744,493,402
yu darvish,Yu Darvish,0,1,20.938,15.791000000000002,1305,280
yusei kikuchi,Yusei Kikuchi,0,0,19.896,13.307,810,277
zac gallen,Zac Gallen,0,0,16.914,12.996,1300,701
zach davies,Zach Davies,1,0,16.15,14.742,1146,265
zach eflin,Zach Eflin,0,0,16.907,13.221,541,147
zach logue,Zach Logue,0,0,17.652,14.008,477,299
zach plesac,Zach Plesac,0,0,15.414,13.567,912,431
zack greinke,Zack Greinke,1,1,17.661,13.14,1056,342
zack wheeler,Zack Wheeler,1,0,16.643,13.807,1025,480
