player_id,player,injury_2022,injury_2023,tempo_2022,tempo_2023,pitches_2022,pitches_2023,velocity_2022,velocity_2023
425844,Zack Greinke,1,1,17.661,13.14,1056,342,89.2,89.5
434378,Justin Verlander,1,1,20.144,14.372,1044,230,95.0,94.3
448179,Rich Hill,1,0,15.306,12.517999999999999,947,682,88.5,88.4
450203,Charlie Morton,0,0,17.319,14.196,1357,242,94.9,94.9
453286,Max Scherzer,0,1,16.612,13.889,922,244,94.0,93.7
458681,Lance Lynn,0,0,19.336,14.142999999999999,883,306,93.0,92.4
471911,Carlos Carrasco,1,1,17.695,14.783,1024,256,93.2,92.7
472610,Luis García,0,1,21.946,15.065,417,240,97.7,96.9
477132,Clayton Kershaw,1,1,15.982,14.263,788,458,90.7,90.7
502043,Kyle Gibson,0,0,19.888,13.470000000000002,1231,640,92.0,92.1
502085,David Robertson,0,0,17.371,15.073,493,642,93.0,93.8
502171,Alex Cobb,1,0,16.85,13.508,1131,538,95.4,95.6
506433,Yu Darvish,0,1,20.938,15.791000000000002,1305,280,95.0,94.7
518876,Merrill Kelly,0,0,16.974,13.997,1363,463,92.6,92.2
519043,Matt Moore,0,0,19.883,13.927000000000001,500,652,93.9,94.0
527048,Martín Pérez,0,0,18.191,13.369,1408,227,92.9,91.6
542881,Tyler Anderson,0,0,17.418,12.961999999999998,1071,425,90.7,90.1
543037,Gerrit Cole,0,0,17.599,13.247999999999998,1477,892,97.8,96.7
543135,Nathan Eovaldi,0,1,17.767,14.372,742,228,95.7,95.1
543243,Sonny Gray,0,0,17.667,13.489,884,233,92.1,92.9
543294,Kyle Hendricks,1,1,16.989,13.826999999999998,642,730,86.9,87.8
543475,Jordan Lyles,0,0,15.517,14.076,1362,210,91.8,91.2
543521,Collin McHugh,0,1,16.319,16.495,478,667,91.0,91.3
547179,Michael Lorenzen,0,0,16.377,14.443,753,940,94.7,94.3
548389,Ross Stripling,1,0,17.136,13.045,891,181,91.9,92.4
554340,Yimi García,0,0,20.446,14.744,493,402,94.9,96.0
554430,Zack Wheeler,1,0,16.643,13.807,1025,480,95.9,95.8
571578,Patrick Corbin,0,0,16.043,14.221,1184,274,92.0,91.7
571656,Buck Farmer,0,0,20.099,14.093,376,678,94.6,93.9
571760,Andrew Heaney,1,0,15.303,14.152420560747665,540,535,93.0,92.5
571901,Aaron Loup,0,1,18.617,15.922,424,284,91.9,91.2
571927,Steven Matz,1,0,14.39,12.345,390,522,94.5,94.1
571945,Miles Mikolas,0,0,14.902,12.601000000000003,1449,881,93.5,93.3
571948,Hoby Milner,0,0,15.528,13.5,563,523,89.1,89.0
573186,Marcus Stroman,0,0,16.52,14.167,1028,383,92.6,92.0
579328,Yusei Kikuchi,0,0,19.896,13.307,810,277,94.9,95.1
592332,Kevin Gausman,0,0,20.331,14.1,1031,614,95.0,94.7
592351,Jon Gray,0,1,18.548,14.109,907,373,95.9,95.7
592767,Drew Smyly,1,0,15.477,13.911,721,512,92.3,90.6
592773,Ryne Stanek,0,0,22.514,15.268,376,203,98.3,98.2
592789,Noah Syndergaard,0,0,19.173,14.267,876,266,94.1,92.2
592791,Jameson Taillon,0,0,17.123,13.916,1273,365,94.1,93.7
592836,Taijuan Walker,1,0,15.073,12.675,1133,900,93.7,92.8
592866,Trevor Williams,0,0,17.173,13.96,641,209,91.2,89.7
593974,Wandy Peralta,0,1,16.651,14.675,329,447,95.2,95.7
594835,Marco Gonzales,0,1,15.235,12.837,1273,215,88.5,89.2
596001,Jakob Junis,0,0,14.61,12.245,868,363,91.9,93.9
596295,Austin Gomber,0,0,15.109,13.866,899,268,91.0,90.6
601713,Nick Pivetta,0,0,17.008,13.639999999999999,1353,663,93.4,94.6
605135,Chris Bassitt,1,0,17.943,13.092,1377,1017,93.2,92.4
605200,Zach Davies,1,0,16.15,14.742,1146,265,89.7,89.4
605280,Clay Holmes,0,0,21.818,15.039999999999997,451,343,97.0,95.7
605288,Adrian Houser,1,1,15.754,14.261,887,224,94.3,93.4
605347,Jorge López,0,0,20.608,15.471,510,622,97.2,96.9
605397,Joe Musgrove,0,1,16.906,14.397,1320,228,92.9,93.1
605400,Aaron Nola,0,0,20.119,13.562,1328,553,92.8,92.7
605447,Jordan Romano,0,0,20.521,15.338,416,396,96.9,96.7
605483,Blake Snell,0,0,19.018,14.942,1025,219,95.8,95.5
605540,Brandon Woodruff,0,1,19.756,14.392,1128,229,96.3,95.8
606149,Giovanny Gallegos,0,1,25.811,16.025,390,247,94.3,93.7
607074,Carlos Rodón,0,1,18.922,14.939,1298,662,95.5,95.3
607259,Nick Martinez,0,0,17.727,14.532999999999998,761,785,93.4,93.3
607536,Kyle Freeland,0,1,17.201,13.791,1285,584,90.3,88.8
607625,Seth Lugo,0,0,16.988,13.607999999999999,526,473,94.4,93.4
608331,Max Fried,1,1,18.031,14.847,1265,369,94.0,94.0
608337,Lucas Giolito,0,0,20.683,14.685,1227,330,92.6,93.1
608344,Cole Irvin,1,0,14.068,13.199,1144,323,90.7,92.2
608379,Michael Wacha,0,1,15.658,14.805,853,557,93.1,92.0
608718,Brent Suter,0,0,12.626,11.923,494,317,86.4,86.0
615698,Cal Quantrill,1,1,14.835,12.78,1304,467,93.9,93.7
621076,James Kaprielian,1,1,18.114,15.173,1016,282,94.0,92.3
621107,Zach Eflin,0,0,16.907,13.221,541,147,93.1,93.1
621112,Paul Blackburn,0,0,20.881,14.081,862,224,91.5,91.9
621244,José Berríos,0,0,15.365,13.428,1232,717,94.0,94.3
621345,A.J. Minter,0,1,23.029,14.85,453,654,96.6,95.8
621363,Colin Poche,0,0,20.468,13.419,406,458,93.2,92.5
622072,Alex Wood,0,0,15.097,13.482,1028,249,91.9,91.5
622491,Luis Castillo,1,0,15.325,12.932,1130,905,97.1,96.3
622663,Luis Severino,0,0,16.258,13.86,716,605,96.3,96.5
623149,Paul Sewald,0,0,21.539,15.06,443,335,92.5,92.2
623167,Chris Flexen,0,0,17.467,13.849,944,270,91.7,91.9
623352,Josh Hader,0,0,22.113,17.729,431,743,97.2,96.1
624133,Ranger Suárez,0,1,16.398,13.855,1216,312,93.2,93.4
625643,Reynaldo López,0,0,22.812,16.049,416,237,97.1,98.2
628711,Julio Urías,0,0,19.9,13.859,1109,629,93.1,92.7
640455,Sean Manaea,0,0,15.532,14.643,1079,288,91.4,93.8
641154,Pablo López,0,0,18.794,13.8,1286,322,93.6,94.9
641360,Phil Bickford,1,0,21.682,14.993,437,355,94.1,93.7
641482,Nestor Cortes,1,1,14.99,14.571,1091,274,91.8,91.6
641540,Dane Dunning,0,0,16.512,13.438,1191,795,88.7,90.6
641712,Dakota Hudson,1,0,16.414,14.163,1085,660,91.3,91.1
641745,Brad Keller,0,1,15.359,12.822,976,251,94.5,93.3
641778,Eric Lauer,1,1,15.388,14.197999999999999,1241,340,93.3,90.8
641927,Bailey Ober,0,0,16.026,13.591,366,556,91.5,91.3
642207,Devin Williams,0,0,24.717,15.622,468,405,93.9,94.2
642232,Ryan Yarbrough,1,0,18.361,13.515,593,252,86.7,87.0
642397,Gregory Soto,0,0,19.118,15.713999999999999,491,331,98.7,98.8
642547,Freddy Peralta,0,0,17.632,14.406,660,818,92.6,94.4
642585,Félix Bautista,0,1,20.165,15.425,416,198,99.7,99.5
643377,Griffin Jax,0,0,20.084,13.232,502,872,95.4,96.5
645261,Sandy Alcantara,0,1,15.462,14.833,1313,299,98.0,98.0
650556,Bryan Abreu,0,0,21.246,14.679,423,872,97.2,97.6
650644,Aaron Civale,1,0,17.45,14.865,737,374,90.8,91.8
656302,Dylan Cease,0,0,18.427,14.18,1371,408,96.8,95.6
656412,Alex Faedo,1,0,15.668,14.475,437,540,92.7,92.9
656557,Tanner Houck,0,0,20.299,13.162,419,773,95.3,93.9
656605,Mitch Keller,0,0,14.981,12.125,1236,878,95.6,95.2
656629,Michael Kopech,0,1,21.135,14.373,942,183,94.9,95.2
656638,Alex Lange,0,0,17.939,15.112,457,964,95.5,96.1
656756,Jordan Montgomery,0,0,20.368,13.963,1174,228,93.0,93.2
657006,Justin Steele,1,0,16.647,13.593,922,392,92.2,91.8
657024,Erik Swanson,0,0,19.436,14.82,361,183,93.6,93.7
657277,Logan Webb,1,0,14.504,13.329,1423,564,92.3,92.6
657376,Clarke Schmidt,0,0,17.285,13.906,420,570,94.7,95.2
657746,Joe Ryan,1,0,16.439,13.169000000000002,1017,686,92.0,92.3
660271,Shohei Ohtani,0,0,21.727,14.973,1182,982,97.3,96.8
663556,Shane McClanahan,0,1,17.182,14.535,1102,502,96.7,96.8
663559,Bailey Falter,1,0,19.716,14.04,572,465,91.5,90.7
663776,Patrick Sandoval,0,0,19.145,14.621,1100,230,93.1,93.0
663903,Brady Singer,0,0,14.614,14.254,1161,632,93.1,92.4
663986,Trevor Stephan,0,0,20.436,14.8,438,518,96.5,94.9
664062,Tony Gonsolin,1,1,18.395,15.241000000000001,867,843,93.1,92.4
664208,Phil Maton,0,1,20.247,15.428,500,206,91.0,88.3
664285,Framber Valdez,0,0,17.758,13.438,1356,251,94.1,94.5
664299,Cristian Javier,0,0,18.599,14.764,1131,716,93.8,92.7
664353,José Urquidy,0,1,16.427,14.762000000000002,1114,280,93.5,93.1
665152,Dean Kremer,0,0,17.223,13.732,837,760,93.5,94.6
665795,Edward Cabrera,1,0,17.392,14.979,585,351,96.0,96.2
666129,Braxton Garrett,1,0,16.7,14.111,639,259,91.5,90.8
666200,Jesús Luzardo,0,0,16.116,14.181,747,676,96.3,96.7
666201,Alek Manoah,0,0,20.7,15.463,1280,241,93.9,92.8
666808,Camilo Doval,0,0,22.272,15.172,507,481,98.4,99.2
668678,Zac Gallen,0,0,16.914,12.996,1300,701,94.1,93.5
668933,Graham Ashcraft,0,1,18.415,13.611,774,250,98.1,96.5
669022,MacKenzie Gore,1,0,18.652,14.648,572,208,94.7,95.0
669203,Corbin Burnes,0,0,21.088,14.669,1506,416,96.4,95.3
669302,Logan Gilbert,0,0,15.153,14.15,1329,253,96.1,95.7
669330,Tyler Wells,1,0,19.683,12.974999999999998,703,316,93.5,92.5
669373,Tarik Skubal,1,1,15.79,13.67,843,591,94.1,95.8
669456,Shane Bieber,0,1,14.55,13.315,1260,252,91.3,91.3
669923,George Kirby,0,0,16.457,13.148,876,315,95.3,96.1
670167,John Schreiber,0,0,20.716,14.665,493,864,94.4,93.2
670280,David Bednar,1,0,20.531,15.091,367,629,96.4,96.6
670912,Johan Oviedo,0,0,16.518,14.342,437,233,96.0,95.8
670950,Trevor Richards,0,0,17.595,13.926,543,299,93.4,92.8
672282,Reid Detmers,0,0,16.246,14.120999999999999,981,440,93.2,94.4
672335,Cionel Pérez,0,1,22.482,15.067999999999998,398,197,97.0,96.8
672710,Roansy Contreras,0,0,15.878,14.754,701,671,95.6,94.3
675911,Spencer Strider,1,0,16.891,13.789,994,706,98.2,97.2
676664,JP Sears,0,0,21.133,12.978,517,488,93.2,93.1
676710,Kutter Crawford,1,0,16.967,13.223,579,573,94.6,93.6
678394,Brayan Bello,1,1,16.253,13.695,462,231,97.0,95.5
680686,Josiah Gray,0,0,19.673,14.437999999999999,1233,301,94.4,93.6
680694,Kyle Bradish,1,0,18.363,14.147,911,336,94.6,94.5
693821,Bryce Elder,0,0,14.772,12.681000000000001,400,798,90.5,90.8
