Player,Tempo_23,Inj_23,total_pitches_empty,"last_name, first_name",pitcher,ff_avg_speed,si_avg_speed,fc_avg_speed,sl_avg_speed,ch_avg_speed,cu_avg_speed,fs_avg_speed,kn_avg_speed,st_avg_speed,sv_avg_speed
Wade Miley,11.261,0,617,"Miley, Wade",489119,90.4,90.7,87.1,79.1,83.7,75.8,,,,
Logan Allen,11.516,0,601,"Allen, Logan",671106,91.4,89.9,86.4,83.6,82.7,,,,78.8,
Brent Suter,11.923,0,317,"Suter, Brent",608718,86.0,88.1,,76.7,76.2,,,,,
Mitch Keller,12.125,0,878,"Keller, Mitch",656605,95.2,93.8,89.7,,90.7,78.0,,,82.8,
Jakob Junis,12.245,0,363,"Junis, Jakob",596001,93.9,93.7,,84.2,87.1,,,,,
Steven Matz,12.345,0,522,"Matz, Steven",571927,,94.1,,88.9,84.2,78.5,,,,
Rich Hill,12.518,0,682,"Hill, Rich",448179,88.4,86.1,83.3,77.3,83.0,71.8,,,69.4,
Brusdar Graterol,12.583,0,231,"Graterol, Brusdar",660813,98.3,98.6,95.6,88.7,,,,,,
Miles Mikolas,12.601,0,881,"Mikolas, Miles",571945,93.3,92.7,,86.4,84.4,75.8,,,,
Taijuan Walker,12.675,0,900,"Walker, Taijuan",592836,92.8,92.4,87.2,,,74.8,87.9,,82.9,
Bryce Elder,12.681,0,798,"Elder, Bryce",693821,90.8,89.5,,82.7,85.0,,,,,
Ty Blach,12.715,0,304,"Blach, Ty",621389,90.2,89.2,83.7,,79.9,78.9,,,,
Hogan Harris,12.735,0,296,"Harris, Hogan",663687,92.6,,90.5,,80.1,74.0,,,77.0,
Osvaldo Bido,12.761,0,235,"Bido, Osvaldo",674370,94.7,94.6,85.8,84.5,89.1,,,,,
Louis Varland,12.763,0,290,"Varland, Louis",686973,95.3,95.5,,89.3,85.9,,,,83.8,
Cal Quantrill,12.78,1,467,"Quantrill, Cal",615698,93.7,93.7,88.1,,86.1,82.0,86.8,,,
Brad Keller,12.822,1,251,"Keller, Brad",641745,93.3,92.5,,84.3,90.8,85.1,,,84.3,
Marco Gonzales,12.837,1,215,"Gonzales, Marco",594835,89.2,88.7,85.9,,79.9,79.3,,,,
Quinn Priester,12.838,0,270,"Priester, Quinn",682990,92.7,93.6,,85.3,89.2,80.6,,,,
Andrew Vasquez,12.92,0,189,"Vasquez, Andrew",607755,89.1,88.5,,80.6,83.2,76.1,,,,
Luis Castillo,12.932,0,905,"Castillo, Luis",622491,96.3,95.9,,85.7,88.3,,,,,
Reese Olson,12.933,0,430,"Olson, Reese",681857,94.8,94.7,,84.8,87.8,78.8,,,,
Tyler Anderson,12.962,0,425,"Anderson, Tyler",542881,90.1,88.5,85.1,79.3,80.0,72.9,,,,
Tyler Wells,12.975,0,316,"Wells, Tyler",669330,92.5,,88.7,84.0,85.4,74.1,,,,
JP Sears,12.978,0,488,"Sears, JP",676664,93.1,92.4,,82.1,84.1,81.6,,,81.0,
Zac Gallen,12.996,0,701,"Gallen, Zac",668678,93.5,93.8,90.2,87.4,86.8,82.5,,,,
Ross Stripling,13.045,0,181,"Stripling, Ross",548389,92.4,90.4,87.2,87.2,83.7,75.9,85.6,,,
Chris Bassitt,13.092,0,1017,"Bassitt, Chris",605135,92.4,91.9,87.8,80.3,84.1,70.7,82.6,,73.2,
Zack Greinke,13.14,1,342,"Greinke, Zack",425844,89.5,89.8,85.2,79.2,86.5,72.4,,,,
George Kirby,13.148,0,315,"Kirby, George",669923,96.1,95.8,,86.3,86.6,81.8,84.9,75.1,,
Tanner Houck,13.162,0,773,"Houck, Tanner",656557,93.9,93.4,91.1,83.9,,,87.6,,83.6,
Joe Ryan,13.169,0,686,"Ryan, Joe",657746,92.3,91.9,,83.3,,,84.1,,79.3,
Cole Irvin,13.199,0,323,"Irvin, Cole",608344,92.2,92.0,85.5,,84.2,77.2,,,,
Zach Eflin,13.221,0,147,"Eflin, Zach",621107,93.1,92.2,88.5,84.1,86.4,79.1,,,79.7,
Kutter Crawford,13.223,0,573,"Crawford, Kutter",676710,93.6,92.3,88.6,82.9,,79.4,82.4,,82.2,
Griffin Jax,13.232,0,872,"Jax, Griffin",643377,96.5,96.5,92.6,,91.1,86.0,,,86.7,
Gerrit Cole,13.248,0,892,"Cole, Gerrit",543037,96.7,95.4,92.7,89.1,89.1,82.9,,,,
Cristopher Sánchez,13.252,1,226,"Sánchez, Cristopher",650911,93.9,92.1,,82.7,81.9,,,,,
Yusei Kikuchi,13.307,0,277,"Kikuchi, Yusei",579328,95.1,90.1,,88.7,88.6,83.1,,,82.7,
Shane Bieber,13.315,1,252,"Bieber, Shane",669456,91.3,,86.5,84.6,87.2,82.5,,,,
Logan Webb,13.329,0,564,"Webb, Logan",657277,92.6,92.3,,,87.5,,,,84.3,
Tyler Glasnow,13.335,0,599,"Glasnow, Tyler",607192,96.4,,,90.1,92.3,83.9,,,,
Ben Lively,13.338,0,692,"Lively, Ben",594902,90.7,91.5,88.1,82.0,84.4,76.3,,,80.0,
Martín Pérez,13.369,0,227,"Pérez, Martín",527048,91.6,91.6,89.2,83.4,84.1,79.1,,,,
Jake Irvin,13.378,0,334,"Irvin, Jake",663623,94.5,93.9,,,87.8,80.9,,,,
Matt Strahm,13.408,0,357,"Strahm, Matt",621381,93.4,93.2,87.7,83.2,86.5,,,,,
Griffin Canning,13.415,0,595,"Canning, Griffin",656288,94.7,94.9,,88.4,90.2,81.8,,,,
Andrew Heaney,13.417,0,277,"Heaney, Andrew",571760,92.5,,,82.0,84.0,79.0,,,,
Colin Poche,13.419,0,458,"Poche, Colin",621363,92.5,,,84.6,,,,,,
José Berríos,13.428,0,717,"Berríos, José",621244,94.3,93.8,92.4,,84.1,,,,,82.6
Dane Dunning,13.438,0,795,"Dunning, Dane",641540,90.6,90.9,88.9,82.1,85.7,77.7,,,,
Framber Valdez,13.438,0,251,"Valdez, Framber",664285,94.5,95.3,89.1,84.7,90.1,80.2,,,,
Kyle Gibson,13.47,0,640,"Gibson, Kyle",502043,92.1,91.9,89.8,,85.5,79.5,,,81.6,
Alec Marsh,13.477,0,500,"Marsh, Alec",679525,94.2,94.1,,87.3,87.0,81.1,,,85.4,
Alex Wood,13.482,0,249,"Wood, Alex",622072,91.5,91.5,,82.4,85.2,,,,,
Tanner Bibee,13.488,1,732,"Bibee, Tanner",676440,94.9,93.9,84.7,,83.8,78.4,,,,
Sonny Gray,13.489,0,233,"Gray, Sonny",543243,92.9,92.8,87.6,,87.9,79.5,,,84.3,
Hoby Milner,13.5,0,523,"Milner, Hoby",571948,89.0,88.2,,,81.1,,,,79.6,
Alex Cobb,13.508,0,538,"Cobb, Alex",502171,95.6,94.5,,86.2,,83.6,89.5,,,
Emmet Sheehan,13.515,0,208,"Sheehan, Emmet",686218,95.4,93.6,,87.1,82.9,,,,79.3,
Ryan Yarbrough,13.515,0,252,"Yarbrough, Ryan",642232,87.0,88.1,84.2,,78.5,,,,71.9,
Brandon Pfaadt,13.521,0,359,"Pfaadt, Brandon",694297,93.7,93.1,,,86.7,78.8,,,83.8,
Bobby Miller,13.547,0,807,"Miller, Bobby",676272,99.1,98.8,,89.9,88.2,80.6,,,85.3,
Aaron Nola,13.562,0,553,"Nola, Aaron",605400,92.7,91.7,86.3,,85.9,79.4,,,,
Hyun Jin Ryu,13.577,1,269,"Ryu, Hyun Jin",547943,88.7,87.7,85.1,,78.1,68.9,,,,
Bailey Ober,13.591,0,556,"Ober, Bailey",641927,91.3,,,82.4,83.7,77.5,,,80.8,
Justin Steele,13.593,0,392,"Steele, Justin",657006,91.8,91.8,,83.3,87.5,80.5,,,,
Seth Lugo,13.608,0,473,"Lugo, Seth",607625,93.4,93.2,92.8,85.9,86.3,79.5,85.7,,82.1,80.6
Graham Ashcraft,13.611,1,250,"Ashcraft, Graham",668933,96.5,96.5,95.8,88.3,90.4,,,,,
Bryan Woo,13.618,1,623,"Woo, Bryan",693433,95.1,95.0,,87.6,89.7,,,,83.2,
Nick Pivetta,13.64,0,663,"Pivetta, Nick",601713,94.6,,88.4,86.6,,79.4,84.8,,84.2,
Tarik Skubal,13.67,1,591,"Skubal, Tarik",669373,95.8,95.8,,87.6,84.3,76.4,83.8,,,
Brayan Bello,13.695,1,231,"Bello, Brayan",678394,95.5,95.0,89.3,85.0,86.2,,,,85.9,
Hayden Wesneski,13.698,0,727,"Wesneski, Hayden",669713,94.3,92.9,88.6,84.6,84.5,,,,82.0,
Dean Kremer,13.732,0,760,"Kremer, Dean",665152,94.6,92.0,88.7,,85.3,78.1,85.6,,82.8,
Mason Englert,13.772,0,751,"Englert, Mason",669438,91.1,,,84.4,83.6,76.9,,,,81.0
Spencer Strider,13.789,0,706,"Strider, Spencer",675911,97.2,,,85.6,87.0,,,,,
Kyle Freeland,13.791,1,584,"Freeland, Kyle",607536,88.8,88.7,84.1,,84.3,80.6,,,,
Pablo López,13.8,0,322,"López, Pablo",641154,94.9,94.5,,,88.4,82.5,,,84.4,
Zack Wheeler,13.807,0,480,"Wheeler, Zack",554430,95.8,95.2,90.9,,90.8,81.4,,,84.4,
Kyle Hendricks,13.827,1,730,"Hendricks, Kyle",543294,87.8,87.5,,,80.7,73.3,,,,
Anthony DeSclafani,13.831,1,685,"DeSclafani, Anthony",543101,93.2,93.1,,87.4,86.4,82.2,,,,
Hunter Brown,13.838,0,273,"Brown, Hunter",686613,95.7,,91.8,,88.2,82.9,,,84.6,
Chris Flexen,13.849,0,270,"Flexen, Chris",623167,91.9,90.7,87.9,81.5,81.0,71.7,,,79.3,
Ranger Suárez,13.855,1,312,"Suárez, Ranger",624133,93.4,92.8,87.5,84.4,82.9,75.8,,,,
Julio Urías,13.859,0,629,"Urías, Julio",628711,92.7,94.0,87.1,,86.1,,,,,79.2
Luis Severino,13.86,0,605,"Severino, Luis",622663,96.5,95.8,90.8,84.7,86.7,,,,83.8,
Austin Gomber,13.866,0,268,"Gomber, Austin",596295,90.6,90.6,,84.8,81.6,77.6,,,,
Jake Woodford,13.875,1,441,"Woodford, Jake",663765,92.5,92.0,89.8,82.9,86.2,76.3,,,81.6,
Max Scherzer,13.889,1,244,"Scherzer, Max",453286,93.7,,88.4,84.0,83.8,75.4,,,,
Clarke Schmidt,13.906,0,570,"Schmidt, Clarke",657376,95.2,93.4,91.3,,89.4,83.7,,,86.0,
José Cisnero,13.911,0,552,"Cisnero, José",542585,95.8,95.6,89.0,84.7,88.8,,,,,
Drew Smyly,13.911,0,512,"Smyly, Drew",592767,90.6,91.9,88.6,,,78.6,,,,
Jameson Taillon,13.916,0,365,"Taillon, Jameson",592791,93.7,94.0,88.6,82.2,86.5,80.5,,,80.9,
Trevor Richards,13.926,0,299,"Richards, Trevor",670950,92.8,,,82.8,82.5,,,,,
Matt Moore,13.927,0,652,"Moore, Matt",519043,94.0,95.2,,,84.2,84.3,,,,
Trevor Williams,13.96,0,209,"Williams, Trevor",592866,89.7,88.2,,81.7,83.3,76.7,,,76.7,
Jordan Montgomery,13.963,0,228,"Montgomery, Jordan",656756,93.2,93.3,88.1,87.4,83.5,80.5,,,,
Xzavion Curry,13.991,0,234,"Curry, Xzavion",675540,92.5,,,85.1,87.7,75.1,,,76.8,
Merrill Kelly,13.997,0,463,"Kelly, Merrill",518876,92.2,92.4,90.8,85.4,88.7,82.1,,,,
Ryne Nelson,14.012,0,445,"Nelson, Ryne",669194,94.4,92.9,85.7,81.9,83.3,76.4,,,81.8,
Bailey Falter,14.04,0,465,"Falter, Bailey",663559,90.7,90.7,,84.5,84.6,76.5,85.0,,,
Joey Wentz,14.041,0,777,"Wentz, Joey",666214,93.4,,86.0,,85.0,77.5,,,,
Gavin Williams,14.047,0,338,"Williams, Gavin",668909,95.7,,,84.9,88.5,76.2,,,,
Chase Anderson,14.065,1,724,"Anderson, Chase",502624,93.3,92.9,89.2,83.8,83.9,77.6,,,80.5,
Jordan Lyles,14.076,0,210,"Lyles, Jordan",543475,91.2,90.5,86.8,,85.5,79.4,,,80.2,
Paul Blackburn,14.081,0,224,"Blackburn, Paul",621112,91.9,91.8,88.9,,86.0,79.1,,,80.8,
Eury Pérez,14.081,1,861,"Pérez, Eury",691587,97.5,,,86.4,89.7,81.2,,,,
Brandon Williamson,14.085,0,214,"Williamson, Brandon",682227,92.8,94.5,89.3,83.5,84.0,73.1,,,81.6,
Buck Farmer,14.093,0,678,"Farmer, Buck",571656,93.9,90.8,,83.1,87.8,,,,,
Kevin Gausman,14.1,0,614,"Gausman, Kevin",592332,94.7,92.6,,84.0,,,86.3,,77.6,
Jon Gray,14.109,1,373,"Gray, Jon",592351,95.7,96.3,,88.0,88.8,78.2,,,83.3,
Braxton Garrett,14.111,0,259,"Garrett, Braxton",666129,90.8,90.5,87.5,82.8,84.1,77.7,,,,
Reid Detmers,14.121,0,440,"Detmers, Reid",672282,94.4,93.8,,88.9,84.8,74.7,,,83.5,
Lance Lynn,14.143,0,306,"Lynn, Lance",458681,92.4,91.4,88.7,,84.9,81.9,,,,
Kyle Bradish,14.147,0,336,"Bradish, Kyle",680694,94.5,94.6,,88.1,90.8,84.8,,,,
Logan Gilbert,14.15,0,253,"Gilbert, Logan",669302,95.7,94.2,,88.7,,80.3,85.6,,,
Dakota Hudson,14.163,0,660,"Hudson, Dakota",641712,91.1,91.6,,85.1,84.4,81.3,,,,
Marcus Stroman,14.167,0,383,"Stroman, Marcus",573186,92.0,91.4,89.7,86.1,,,86.6,,,84.6
Dylan Cease,14.18,0,408,"Cease, Dylan",656302,95.6,,,86.3,74.6,80.2,,,,
Jesús Luzardo,14.181,0,676,"Luzardo, Jesús",666200,96.7,96.5,91.4,85.1,88.3,,,,,
Charlie Morton,14.196,0,242,"Morton, Charlie",450203,94.9,94.2,89.1,,86.0,82.3,,,,
Eric Lauer,14.198,1,340,"Lauer, Eric",641778,90.8,90.4,86.7,82.6,82.8,75.3,,,,
Jhony Brito,14.221,0,841,"Brito, Jhony",666745,95.8,95.9,,86.3,88.8,80.4,,,82.4,
Patrick Corbin,14.221,0,274,"Corbin, Patrick",571578,91.7,92.1,,80.5,81.1,,,,,
Connor Seabold,14.226,0,386,"Seabold, Connor",657756,92.6,91.5,,85.3,80.6,78.7,,,,
Brady Singer,14.254,0,632,"Singer, Brady",663903,92.4,92.1,,84.0,87.7,,,,81.4,
Adrian Houser,14.261,1,224,"Houser, Adrian",605288,93.4,92.1,,82.3,84.3,79.4,,,,
Clayton Kershaw,14.263,1,458,"Kershaw, Clayton",477132,90.7,90.9,,86.5,84.7,73.4,84.3,,,
Noah Syndergaard,14.267,0,266,"Syndergaard, Noah",592789,92.2,92.3,89.5,85.0,87.3,77.9,87.7,,,
Tommy Henry,14.279,1,433,"Henry, Tommy",674072,90.7,89.5,,83.1,84.0,79.1,,,,
J.P. France,14.323,0,219,"France, J.P.",641585,93.1,91.1,86.9,,81.8,76.0,,,80.1,
Johan Oviedo,14.342,0,233,"Oviedo, Johan",670912,95.8,95.7,,88.2,88.2,81.0,,,,
Justin Verlander,14.372,1,230,"Verlander, Justin",434378,94.3,,,86.9,85.2,78.2,,,,
Nathan Eovaldi,14.372,1,228,"Eovaldi, Nathan",543135,95.1,95.2,90.6,83.9,,76.0,87.9,,,
Michael Kopech,14.373,1,183,"Kopech, Michael",656629,95.2,,88.9,84.8,88.7,80.7,,,,
Brandon Woodruff,14.392,1,229,"Woodruff, Brandon",605540,95.8,94.9,,86.8,85.8,82.9,,,,
Joe Musgrove,14.397,1,228,"Musgrove, Joe",605397,93.1,92.8,90.1,82.2,87.1,81.3,,,82.7,
Freddy Peralta,14.406,0,818,"Peralta, Freddy",642547,94.4,,,82.4,88.6,76.9,,,,
Cody Bradford,14.423,0,540,"Bradford, Cody",674003,90.4,,86.6,83.1,82.1,,,,,
Josiah Gray,14.438,0,301,"Gray, Josiah",680686,93.6,93.1,88.8,85.8,88.6,82.2,,,81.9,
Michael Lorenzen,14.443,0,940,"Lorenzen, Michael",547179,94.3,93.6,88.8,85.2,84.5,82.3,,,83.0,
Colin Rea,14.445,0,204,"Rea, Colin",607067,93.2,92.6,86.7,,,78.8,86.0,,83.2,
Alex Faedo,14.475,0,540,"Faedo, Alex",656412,92.9,,,82.3,85.9,,,,,
Luis Medina,14.503,0,485,"Medina, Luis",665622,96.1,95.5,,85.3,87.3,79.7,,,,
Nick Martinez,14.533,0,785,"Martinez, Nick",607259,93.3,92.9,89.5,84.5,80.7,81.8,,,,
Shane McClanahan,14.535,1,502,"McClanahan, Shane",663556,96.8,95.9,,89.3,86.9,83.5,,,,
Kenta Maeda,14.56,1,284,"Maeda, Kenta",628317,91.0,90.3,,82.1,,76.4,84.1,,80.3,
Nestor Cortes,14.571,1,274,"Cortes, Nestor",641482,91.6,88.1,86.6,81.8,83.4,,,,76.2,
Patrick Sandoval,14.621,0,230,"Sandoval, Patrick",663776,93.0,93.3,,87.0,83.0,76.5,,,81.8,
Javier Assad,14.64,0,208,"Assad, Javier",665871,93.1,92.7,89.1,81.6,85.0,76.5,,,80.2,
Sean Manaea,14.643,0,288,"Manaea, Sean",640455,93.8,93.5,90.3,84.4,86.6,,,,79.8,
MacKenzie Gore,14.648,0,208,"Gore, MacKenzie",669022,95.0,,,88.5,86.5,83.2,,,84.6,
John Schreiber,14.665,0,864,"Schreiber, John",670167,93.2,92.7,90.7,,88.1,,,,80.9,
Corbin Burnes,14.669,0,416,"Burnes, Corbin",669203,,95.3,94.4,88.1,89.3,79.9,,,84.3,
Kodai Senga,14.672,0,300,"Senga, Kodai",673540,95.7,,90.8,84.6,,72.7,,,80.8,
Wandy Peralta,14.675,1,447,"Peralta, Wandy",593974,95.7,95.8,,88.7,89.0,,,,,
Bryan Abreu,14.679,0,872,"Abreu, Bryan",650556,97.6,97.0,,87.4,,81.1,,,,
Michael King,14.682,0,196,"King, Michael",650633,94.7,94.1,,,87.2,,,,81.8,
Lucas Giolito,14.685,0,330,"Giolito, Lucas",608337,93.1,94.1,,84.0,80.9,77.9,,,,
Zach Davies,14.742,0,265,"Davies, Zach",605200,89.4,89.5,87.5,81.7,80.7,77.1,,,78.7,
Yimi García,14.744,0,402,"García, Yimi",554340,96.0,95.4,,89.9,88.5,83.6,,,83.4,
Roansy Contreras,14.754,0,671,"Contreras, Roansy",672710,94.3,,,83.6,89.4,76.8,,,82.3,
José Urquidy,14.762,1,280,"Urquidy, José",664353,93.1,93.7,,,86.1,79.6,,,80.6,
Cristian Javier,14.764,0,716,"Javier, Cristian",664299,92.7,,,80.8,83.7,76.6,,,79.5,
Matthew Liberatore,14.772,0,295,"Liberatore, Matthew",669461,94.2,94.3,94.4,86.6,87.3,76.6,,,,
Carlos Carrasco,14.783,1,256,"Carrasco, Carlos",471911,92.7,91.5,89.5,84.1,87.2,80.0,,,82.9,
Brandon Bielak,14.791,0,318,"Bielak, Brandon",656232,92.1,92.1,,,87.0,79.5,,,82.0,
Trevor Stephan,14.8,0,518,"Stephan, Trevor",663986,94.9,,,85.4,,,86.5,,,
Michael Wacha,14.805,1,557,"Wacha, Michael",608379,92.0,91.9,87.0,85.0,81.6,74.0,,,,
Erik Swanson,14.82,0,183,"Swanson, Erik",657024,93.7,,,86.6,,,85.1,,,
Sandy Alcantara,14.833,1,299,"Alcantara, Sandy",645261,98.0,97.6,,89.9,91.1,86.1,,,,
Max Fried,14.847,1,369,"Fried, Max",608331,94.0,93.5,87.5,85.0,86.2,74.2,,,81.7,
A.J. Minter,14.85,1,654,"Minter, A.J.",621345,95.8,,89.4,,86.6,,,,,
Aaron Civale,14.865,0,374,"Civale, Aaron",650644,91.8,92.4,87.7,82.5,,78.1,85.2,,81.3,
Andrew Nardi,14.873,1,878,"Nardi, Andrew",677053,94.6,,,82.7,90.0,,,,,
Luke Weaver,14.882,1,699,"Weaver, Luke",596133,94.0,93.6,90.3,86.5,86.1,81.7,,,83.5,
Génesis Cabrera,14.892,0,883,"Cabrera, Génesis",650893,96.0,95.4,89.6,,88.8,79.6,,,,
Carlos Rodón,14.939,1,662,"Rodón, Carlos",607074,95.3,,95.2,85.4,85.5,79.7,,,,
Andrew Heaney,14.942,0,258,"Heaney, Andrew",571760,92.5,,,82.0,84.0,79.0,,,,
Blake Snell,14.942,0,219,"Snell, Blake",605483,95.5,95.9,,88.4,86.7,81.0,,,,
Emmanuel Clase,14.943,0,401,"Clase, Emmanuel",661403,100.6,98.5,99.1,91.1,,,,,,
Grayson Rodriguez,14.945,0,250,"Rodriguez, Grayson",680570,97.4,,90.1,88.9,83.9,79.9,,,82.3,
Shohei Ohtani,14.973,0,982,"Ohtani, Shohei",660271,96.8,94.4,89.5,85.3,,75.7,88.2,,83.7,
Edward Cabrera,14.979,0,351,"Cabrera, Edward",665795,96.2,96.1,,88.2,92.9,84.6,,,,
Phil Bickford,14.993,0,355,"Bickford, Phil",641360,93.7,94.3,,83.9,87.5,,,,,
Clay Holmes,15.04,0,343,"Holmes, Clay",605280,95.7,96.0,,87.5,,,,,83.9,
Paul Sewald,15.06,0,335,"Sewald, Paul",623149,92.2,92.4,,,,,,,83.8,
Luis García,15.065,1,240,"García, Luis",472610,96.9,97.3,,83.4,,,88.2,,81.3,
Cionel Pérez,15.068,1,197,"Pérez, Cionel",672335,96.8,96.3,,88.0,,83.4,,,,83.9
David Robertson,15.073,0,642,"Robertson, David",502085,,93.8,93.3,85.1,87.7,84.4,,,,
David Bednar,15.091,0,629,"Bednar, David",670280,96.6,96.2,,,,77.9,91.6,,,
Drew Smith,15.102,0,239,"Smith, Drew",622098,95.0,94.7,87.4,84.3,85.4,76.7,,,,
Alex Lange,15.112,0,964,"Lange, Alex",656638,96.1,95.7,,,89.5,87.0,,,,
Camilo Doval,15.172,0,481,"Doval, Camilo",666808,99.2,97.9,99.8,88.9,,,,,,
James Kaprielian,15.173,1,282,"Kaprielian, James",621076,92.3,91.9,83.6,80.8,83.2,75.9,,,,
Tony Gonsolin,15.241,1,843,"Gonsolin, Tony",664062,92.4,93.3,,86.8,,80.9,83.0,,,
Ryne Stanek,15.268,0,203,"Stanek, Ryne",592773,98.2,,,88.6,,,89.2,,,
Jordan Romano,15.338,0,396,"Romano, Jordan",605447,96.7,,,86.9,,,,,,
José Leclerc,15.391,0,361,"Leclerc, José",600917,95.1,95.4,90.2,82.8,88.3,,,,,
Félix Bautista,15.425,1,198,"Bautista, Félix",642585,,99.5,,86.7,,,88.6,,,
Phil Maton,15.428,1,206,"Maton, Phil",664208,,88.3,89.0,,,73.8,,,79.7,
Alek Manoah,15.463,0,241,"Manoah, Alek",666201,92.8,92.7,,80.8,86.3,,,,,
Jorge López,15.471,0,622,"López, Jorge",605347,96.9,96.8,,88.5,88.9,84.1,,,,
Devin Williams,15.622,0,405,"Williams, Devin",642207,94.2,,90.7,,83.8,,,,,
Gregory Soto,15.714,0,331,"Soto, Gregory",642397,98.8,98.1,,87.9,92.2,,,,,
Yu Darvish,15.791,1,280,"Darvish, Yu",506433,94.7,94.3,90.9,85.7,82.3,76.3,89.2,,82.4,
Aaron Loup,15.922,1,284,"Loup, Aaron",571901,91.2,92.1,83.5,,79.7,75.7,,,,
Giovanny Gallegos,16.025,1,247,"Gallegos, Giovanny",606149,93.7,,,85.0,87.5,,,,,
Reynaldo López,16.049,0,237,"López, Reynaldo",625643,98.2,99.0,,87.9,88.5,80.5,,,,
Collin McHugh,16.495,1,667,"McHugh, Collin",543521,91.3,,89.0,,84.8,73.2,,,79.9,
Josh Hader,17.729,0,743,"Hader, Josh",623352,,96.1,,85.7,88.5,,,,,
