year,month,month_label,period,plate_appearances,at_bats,hits,home_runs,walks,strikeouts,avg_reported,avg_calculated,adjusted_avg,credible_interval_lower,credible_interval_upper,reliability_weight,adjustment,absolute_adjustment,on_base_percentage,slugging_percentage,on_base_plus_slugging
2015,3,3월,2015-03-01,13,12,3,0,0,0,0.25,0.25,0.30471797411924956,0.19753498593644678,0.4238320630309384,0.1935483870967742,0.05471797411924956,0.05471797411924956,0.308,0.417,0.725
2015,4,4월,2015-04-01,81,69,18,3,11,18,0.261,0.2608695652173913,0.28481104533944096,0.20768400580867563,0.3687881557060069,0.5798319327731093,0.023941480122049663,0.023941480122049663,0.358,0.449,0.807
2015,5,5월,2015-05-01,90,84,26,3,5,19,0.31,0.30952380952380953,0.3126307044432349,0.23723996550471416,0.3933191386190085,0.6268656716417911,0.0031068949194253404,0.0031068949194253404,0.356,0.524,0.88
2015,6,6월,2015-06-01,57,50,23,3,7,7,0.46,0.46,0.38892514395393474,0.2961761896848748,0.4858837549265647,0.5,-0.07107485604606528,0.07107485604606528,0.526,0.8,1.326
2015,7,7월,2015-07-01,100,85,36,0,12,11,0.424,0.4235294117647059,0.3843889955214332,0.30439746858183403,0.4676258646249293,0.6296296296296297,-0.03914041624327269,0.03914041624327269,0.49,0.529,1.019
2015,8,8월,2015-08-01,106,94,31,2,9,22,0.33,0.32978723404255317,0.32564246107912137,0.25180029372510404,0.4040723229309848,0.6527777777777778,-0.004144772963431798,0.004144772963431798,0.406,0.479,0.885
2015,9,9월,2015-09-01,18,16,6,0,1,2,0.375,0.375,0.33170476356656775,0.22424323364358748,0.4488279966507009,0.24242424242424243,-0.04329523643343225,0.04329523643343225,0.389,0.563,0.952
2016,4,4월,2016-04-01,100,87,32,2,10,14,0.368,0.367816091954023,0.3495803970466677,0.2722476768885894,0.431073538533543,0.635036496350365,-0.01823569490735527,0.01823569490735527,0.434,0.552,0.986
2016,5,5월,2016-05-01,100,81,31,3,17,11,0.383,0.38271604938271603,0.3579581251556754,0.27838282532716035,0.4416421997192231,0.6183206106870229,-0.02475792422704065,0.02475792422704065,0.49,0.617,1.107
2016,7,7월,2016-07-01,63,56,21,3,5,6,0.375,0.375,0.3480425886357875,0.26071424634112866,0.4408031809210057,0.5283018867924528,-0.02695741136421248,0.02695741136421248,0.435,0.661,1.096
2016,8,8월,2016-08-01,109,97,32,2,9,21,0.33,0.32989690721649484,0.32579941765573794,0.25267175026073413,0.4034171068421472,0.6598639455782312,-0.004097489560756895,0.004097489560756895,0.376,0.495,0.871
2016,9,9월,2016-09-01,107,93,29,4,12,12,0.312,0.3118279569892473,0.3139336671006537,0.24074136458553616,0.3920557560236702,0.6503496503496503,0.002105710111406367,0.002105710111406367,0.402,0.527,0.929
2016,10,10월,2016-10-01,16,14,2,0,2,4,0.143,0.14285714285714285,0.279570537428023,0.1775005575224443,0.39468353779909626,0.21875,0.13671339457088016,0.13671339457088016,0.25,0.143,0.393
2017,3,3월,2017-03-01,4,4,2,1,0,0,0.5,0.5,0.3313428591739532,0.21346783715935183,0.4610515143102832,0.07407407407407407,-0.16865714082604683,0.16865714082604683,0.5,1.5,2.0
2017,4,4월,2017-04-01,113,100,25,3,11,23,0.25,0.25,0.2726167626359565,0.2046056479047797,0.3463700759569793,0.6666666666666666,0.022616762635956522,0.022616762635956522,0.336,0.45,0.786
2017,5,5월,2017-05-01,107,89,30,6,14,21,0.337,0.33707865168539325,0.33016197406757897,0.25472275601780053,0.4102308009389049,0.6402877697841727,-0.006916677617814282,0.006916677617814282,0.421,0.674,1.095
2017,6,6월,2017-06-01,118,102,34,4,14,22,0.333,0.3333333333333333,0.3282402262854834,0.2561026272211874,0.40465933747881705,0.6710526315789473,-0.005093107047849932,0.005093107047849932,0.415,0.578,0.993
2017,7,7월,2017-07-01,99,85,22,5,8,27,0.259,0.25882352941176473,0.28068529181772944,0.2084103963946059,0.35911416717144884,0.6296296296296297,0.021861762405964713,0.021861762405964713,0.343,0.471,0.814
2017,8,8월,2017-08-01,112,101,36,0,10,28,0.356,0.3564356435643564,0.34365903573108264,0.27024475408594867,0.4209964848252483,0.6688741721854304,-0.012776607833273779,0.012776607833273779,0.42,0.475,0.895
2017,9,9월,2017-09-01,84,76,25,2,4,15,0.329,0.32894736842105265,0.32454376504280535,0.24592209865911996,0.40844154584052783,0.6031746031746031,-0.0044036033782473005,0.0044036033782473005,0.357,0.487,0.844
2017,10,10월,2017-10-01,10,7,1,0,2,2,0.143,0.14285714285714285,0.2963599016735697,0.1861926884430813,0.42005831741679484,0.12280701754385964,0.15350275881642683,0.15350275881642683,0.3,0.286,0.586
2018,3,3월,2018-03-01,32,31,6,0,1,8,0.194,0.1935483870967742,0.27027795549868483,0.17989063749671025,0.37140575226831896,0.38271604938271603,0.07672956840191064,0.07672956840191064,0.219,0.226,0.445
2018,4,4월,2018-04-01,17,16,4,0,1,5,0.25,0.25,0.3014017332635375,0.19769424496114657,0.416507463150203,0.24242424242424243,0.051401733263537475,0.051401733263537475,0.294,0.25,0.544
2018,5,5월,2018-05-01,77,67,28,1,9,9,0.418,0.417910447761194,0.37514969568712375,0.28999194806851136,0.4643513546453345,0.5726495726495726,-0.04276075207407026,0.04276075207407026,0.481,0.597,1.078
2018,6,6월,2018-06-01,113,102,32,2,9,22,0.314,0.3137254901960784,0.3150823315486413,0.2439074748646363,0.39086647097809757,0.6710526315789473,0.0013568413525628653,0.0013568413525628653,0.381,0.441,0.822
2018,7,7월,2018-07-01,99,91,30,4,7,22,0.33,0.32967032967032966,0.3254788254992445,0.2509006774455067,0.40474667622529537,0.6453900709219859,-0.004191504171085159,0.004191504171085159,0.384,0.56,0.944
2018,8,8월,2018-08-01,62,55,23,6,4,14,0.418,0.41818181818181815,0.3704048990037474,0.28102195942854735,0.4644651908808649,0.5238095238095238,-0.047776919178070754,0.047776919178070754,0.468,0.818,1.286
2018,9,9월,2018-09-01,110,100,29,6,9,27,0.29,0.29,0.2992834293026232,0.2289125969638183,0.37472372181941516,0.6666666666666666,0.009283429302623214,0.009283429302623214,0.349,0.52,0.869
2018,10,10월,2018-10-01,19,16,7,1,3,3,0.438,0.4375,0.34685627871808294,0.2377192766809224,0.4647861295640119,0.24242424242424243,-0.09064372128191706,0.09064372128191706,0.526,0.688,1.214
2019,3,3월,2019-03-01,38,35,11,1,1,8,0.314,0.3142857142857143,0.31638252229874675,0.22249557316050342,0.41845383309341677,0.4117647058823529,0.0020968080130324696,0.0020968080130324696,0.368,0.514,0.882
2019,4,4월,2019-04-01,96,86,24,2,8,16,0.279,0.27906976744186046,0.2933273117308344,0.2201273120327162,0.37228432601142025,0.6323529411764706,0.014257544288973911,0.014257544288973911,0.344,0.465,0.809
2019,5,5월,2019-05-01,106,95,27,3,9,14,0.284,0.28421052631578947,0.2958104441061619,0.2245896890189016,0.37236610865636305,0.6551724137931034,0.01159991779037245,0.01159991779037245,0.349,0.453,0.802
2019,6,6월,2019-06-01,109,97,28,5,8,23,0.289,0.28865979381443296,0.2985885333019964,0.22759535733232858,0.3747725126227783,0.6598639455782312,0.009928739487563454,0.009928739487563454,0.349,0.495,0.844
2019,7,7월,2019-07-01,28,27,6,0,1,3,0.222,0.2222222222222222,0.2843183687713438,0.18989909395843887,0.3893468239163302,0.35064935064935066,0.0620961465491216,0.0620961465491216,0.25,0.333,0.583
2019,8,8월,2019-08-01,61,53,13,1,6,6,0.245,0.24528301886792453,0.28050984849896576,0.19845353691966364,0.37063795991913456,0.5145631067961165,0.035226829631041234,0.035226829631041234,0.328,0.453,0.781
2019,9,9월,2019-09-01,88,82,18,3,5,18,0.22,0.21951219512195122,0.2567614726923748,0.18618933022580142,0.33431285986451653,0.6212121212121212,0.037249277570423595,0.037249277570423595,0.261,0.354,0.615
2020,5,5월,2020-05-01,43,36,13,1,5,6,0.361,0.3611111111111111,0.3359594697138776,0.2406204059550326,0.4385261743073888,0.4186046511627907,-0.025151641397233526,0.025151641397233526,0.442,0.556,0.998
2020,6,6월,2020-06-01,82,75,22,4,4,15,0.293,0.29333333333333333,0.3031401151631478,0.2260492431552829,0.3861974766534518,0.6,0.009806781829814482,0.009806781829814482,0.341,0.533,0.874
2020,7,7월,2020-07-01,85,75,29,2,9,19,0.387,0.38666666666666666,0.3591401151631478,0.27767104595027736,0.44487939353261546,0.6,-0.027526551503518848,0.027526551503518848,0.459,0.52,0.979
2020,8,8월,2020-08-01,102,87,21,1,13,19,0.241,0.2413793103448276,0.269288426243748,0.1986338401084692,0.34632185367143803,0.635036496350365,0.027909115898920395,0.027909115898920395,0.343,0.287,0.63
2020,9,9월,2020-09-01,106,94,29,3,10,18,0.309,0.30851063829787234,0.3117535721902325,0.23897691894431147,0.38948309279810633,0.6527777777777778,0.0032429338923601336,0.0032429338923601336,0.381,0.479,0.86
2020,10,10월,2020-10-01,92,79,23,4,10,14,0.291,0.2911392405063291,0.301492359654213,0.22569164011516463,0.38312291966532636,0.6124031007751938,0.010353119147883894,0.010353119147883894,0.38,0.557,0.937
2021,4,4월,2021-04-01,106,89,30,4,14,19,0.337,0.33707865168539325,0.33016197406757897,0.25472275601780053,0.4102308009389049,0.6402877697841727,-0.006916677617814282,0.006916677617814282,0.425,0.573,0.998
2021,5,5월,2021-05-01,104,92,23,1,9,12,0.25,0.25,0.2738909464464329,0.2039705298979384,0.34984304918896447,0.647887323943662,0.023890946446432915,0.023890946446432915,0.308,0.38,0.688
2021,6,6월,2021-06-01,95,88,26,5,4,16,0.295,0.29545454545454547,0.30356894489415565,0.22998082521323593,0.38254977259029915,0.6376811594202898,0.008114399439610176,0.008114399439610176,0.326,0.523,0.849
2021,7,7월,2021-07-01,31,27,4,1,3,8,0.148,0.14814814814814814,0.2583443427973178,0.16754937522518268,0.36102255846894743,0.35064935064935066,0.11019619464916969,0.11019619464916969,0.233,0.259,0.492
2021,8,8월,2021-08-01,78,68,22,2,5,11,0.324,0.3235294117647059,0.3211230033507922,0.24029401952981902,0.4076955573727831,0.576271186440678,-0.0024064084139137076,0.0024064084139137076,0.397,0.529,0.926
2021,9,9월,2021-09-01,109,99,36,7,7,20,0.364,0.36363636363636365,0.34827190869391594,0.27408633315605796,0.4263160620400802,0.6644295302013423,-0.015364454942447703,0.015364454942447703,0.394,0.657,1.051
2021,10,10월,2021-10-01,87,80,25,2,6,12,0.313,0.3125,0.3145578030414883,0.23790986931870176,0.3966103175091402,0.6153846153846154,0.002057803041488282,0.002057803041488282,0.356,0.525,0.881
2022,4,4월,2022-04-01,76,70,16,0,3,16,0.229,0.22857142857142856,0.2657709532949456,0.19096249986229094,0.3479724682295642,0.5833333333333334,0.037199524723517036,0.037199524723517036,0.289,0.3,0.589
2022,5,5월,2022-05-01,53,51,17,1,2,12,0.333,0.3333333333333333,0.32566845936033145,0.23823121991901097,0.4196456350343764,0.504950495049505,-0.007664873973001862,0.007664873973001862,0.358,0.431,0.789
2022,6,6월,2022-06-01,50,47,14,1,2,11,0.298,0.2978723404255319,0.30817025149890176,0.22075749043974052,0.403075345385897,0.4845360824742268,0.010297911073369859,0.010297911073369859,0.327,0.447,0.774
2022,7,7월,2022-07-01,45,40,12,0,5,9,0.3,0.3,0.30991682661548303,0.21918952514202056,0.4086456883532959,0.4444444444444444,0.009916826615483043,0.009916826615483043,0.378,0.45,0.828
2022,8,8월,2022-08-01,94,85,22,0,9,21,0.259,0.25882352941176473,0.28068529181772944,0.2084103963946059,0.35911416717144884,0.6296296296296297,0.021861762405964713,0.021861762405964713,0.33,0.329,0.659
2022,9,9월,2022-09-01,97,92,33,2,3,10,0.359,0.358695652173913,0.34431348165770054,0.2686519712138984,0.4241293813829643,0.647887323943662,-0.014382170516212489,0.014382170516212489,0.371,0.489,0.86
2022,10,10월,2022-10-01,27,24,6,1,3,5,0.25,0.25,0.29584478912693885,0.19817166563110214,0.4039682583815036,0.32432432432432434,0.045844789126938845,0.045844789126938845,0.333,0.375,0.708
2023,4,4월,2023-04-01,110,93,31,2,13,16,0.333,0.3333333333333333,0.3279196810866677,0.2536626193981376,0.4067362213229279,0.6503496503496503,-0.005413652246665623,0.005413652246665623,0.409,0.484,0.893
2023,5,5월,2023-05-01,92,79,19,1,12,15,0.241,0.24050632911392406,0.2704846077162285,0.19767563547822245,0.3500328283420247,0.6124031007751938,0.029978278602304453,0.029978278602304453,0.341,0.392,0.733
2023,6,6월,2023-06-01,12,11,4,0,1,0,0.364,0.36363636363636365,0.32610679336710613,0.2153251204226317,0.44768916926620606,0.18032786885245902,-0.03752957026925752,0.03752957026925752,0.417,0.636,1.053
2023,7,7월,2023-07-01,67,61,23,1,4,12,0.377,0.3770491803278688,0.3503830125711124,0.26477802421357005,0.44109567842083425,0.5495495495495496,-0.026666167756756454,0.026666167756756454,0.424,0.492,0.916
2023,8,8월,2023-08-01,94,85,35,4,8,13,0.412,0.4117647058823529,0.37698158811402577,0.2974010514690669,0.4600153418407164,0.6296296296296297,-0.034783117768327154,0.034783117768327154,0.468,0.671,1.139
2023,9,9월,2023-09-01,92,80,25,0,11,18,0.313,0.3125,0.3145578030414883,0.23790986931870176,0.3966103175091402,0.6153846153846154,0.002057803041488282,0.002057803041488282,0.402,0.338,0.74
2023,10,10월,2023-10-01,48,44,15,3,4,7,0.341,0.3409090909090909,0.32864377016376034,0.23790456863635653,0.4262901037645628,0.46808510638297873,-0.012265320745330544,0.012265320745330544,0.396,0.614,1.01
2024,3,3월,2024-03-01,37,30,6,1,5,8,0.2,0.2,0.2736564299424184,0.18229213554650944,0.37573584761006334,0.375,0.07365642994241839,0.07365642994241839,0.297,0.3,0.597
2024,4,4월,2024-04-01,103,92,35,4,6,10,0.38,0.3804347826086957,0.35839798869995404,0.28182719042488896,0.438747499095314,0.647887323943662,-0.022036793908741636,0.022036793908741636,0.447,0.609,1.056
2024,5,5월,2024-05-01,101,91,22,4,8,20,0.242,0.24175824175824176,0.26874123684676227,0.199093417429375,0.3446016619201388,0.6453900709219859,0.026982995088520506,0.026982995088520506,0.317,0.429,0.746
2024,6,6월,2024-06-01,107,99,34,7,7,10,0.343,0.3434343434343434,0.33484908990196965,0.2615543323958399,0.41234360438328427,0.6644295302013423,-0.008585253532373771,0.008585253532373771,0.393,0.677,1.07
2024,7,7월,2024-07-01,49,39,10,4,7,6,0.256,0.2564102564102564,0.2909271280381289,0.2018454076631781,0.3889073618709014,0.43820224719101125,0.034516871627872536,0.034516871627872536,0.367,0.615,0.982
2024,8,8월,2024-08-01,103,84,33,4,15,11,0.393,0.39285714285714285,0.36486951041338417,0.28572159858541657,0.44783882638194067,0.6268656716417911,-0.02798763244375868,0.02798763244375868,0.485,0.655,1.14
2024,9,9월,2024-09-01,68,58,29,9,7,8,0.5,0.5,0.4156714295869766,0.3248231378246161,0.5094790996990494,0.5370370370370371,-0.08432857041302338,0.08432857041302338,0.559,1.017,1.576
2025,3,3월,2025-03-01,36,31,8,2,4,3,0.258,0.25806451612903225,0.2949693135233762,0.20140739694749477,0.3981196260796026,0.38271604938271603,0.036904797394343936,0.036904797394343936,0.333,0.516,0.849
2025,4,4월,2025-04-01,101,85,22,5,14,22,0.259,0.25882352941176473,0.28068529181772944,0.2084103963946059,0.35911416717144884,0.6296296296296297,0.021861762405964713,0.021861762405964713,0.36,0.494,0.854
2025,5,5월,2025-05-01,102,89,21,2,10,11,0.236,0.23595505617977527,0.26541377262873006,0.19563176748865263,0.3415882881716856,0.6402877697841727,0.029458716448954786,0.029458716448954786,0.314,0.382,0.696
2025,6,6월,2025-06-01,94,85,28,3,6,20,0.329,0.32941176470588235,0.3251297362621739,0.24901071197525754,0.40615669190269255,0.6296296296296297,-0.004282028443708452,0.004282028443708452,0.383,0.506,0.889
2025,7,7월,2025-07-01,83,71,33,1,8,11,0.465,0.4647887323943662,0.4040703669040783,0.3186612608088917,0.4924841126872442,0.5867768595041323,-0.06071836549028786,0.06071836549028786,0.518,0.648,1.166
2025,8,8월,2025-08-01,123,102,35,3,20,12,0.343,0.3431372549019608,0.33481917365390446,0.26222526775664745,0.4115306862353227,0.6710526315789473,-0.00831808124805633,0.00831808124805633,0.447,0.539,0.986
2025,9,9월,2025-09-01,56,48,14,3,8,10,0.292,0.2916666666666667,0.3050256570958518,0.21835552013234233,0.3992330951726114,0.4897959183673469,0.013358990429185091,0.013358990429185091,0.393,0.542,0.935
